2.51615279855186e-07,0,0.0440917107583774,1
1.65854951871058e-07,4.27407333978221e-11,0.0582124762129874,0
1.65854951871058e-07,9.38824971062979e-11,0.0582199837734923,0
1.65854951871058e-07,1.67180398691736e-10,0.0582274947501402,0
4.82350824356984e-07,2.62507452291344e-10,0.0582350062236784,0
3.92430351829879e-07,6.52709991484733e-10,0.0582569586515025,0
3.92430351829879e-07,1.10238819697438e-09,0.0582747151072731,0
3.92430351829879e-07,1.67396603735132e-09,0.0582924898135126,0
3.92430351829879e-07,2.36850636768337e-09,0.0583102623053089,0
4.48301001836612e-07,3.18625103661427e-09,0.0583280340640086,0
4.48301001836612e-07,4.27119631697988e-09,0.0583483513956324,0
4.48301001836612e-07,5.51691560355864e-09,0.0583686526292271,0
4.48301001836612e-07,6.92339451997765e-09,0.0583889535216679,0
5.94734744590817e-07,8.49062640685537e-09,0.0584092540583636,0
5.94734744590817e-07,1.08178664146661e-08,0.0584362263427402,0
5.94734744590817e-07,1.34280150619661e-08,0.0584631566582373,0
5.94734744590817e-07,1.6321065746008e-08,0.0584900863174504,0
1.07648267703164e-06,1.94970117720644e-08,0.0585170153218939,0
1.07648267703164e-06,2.59649470198297e-08,0.0585658916446511,0
1.07648267703164e-06,3.3359635376241e-08,0.0586146299132853,0
1.07648267703164e-06,4.16810375721707e-08,0.0586633660294924,0
3.10963943747017e-06,5.09291136254425e-08,0.0587120999854273,0
3.10963943747017e-06,8.52981024456981e-08,0.0588528778585169,0
3.10963943747017e-06,1.27385781420652e-07,0.0589936226615857,0
5.40607539517826e-06,1.77201432779497e-07,0.059134346771642,0
1.62182261855348e-06,2.85613478786275e-07,0.0593791438054554,0
1.62182261855348e-06,3.20932285026124e-07,0.0594522136629344,0
1.62182261855348e-06,3.58461152767386e-07,0.0595255326122437,0
4.56071466807217e-06,3.98108616471912e-07,0.0595988861007525,0
4.56071466807217e-06,5.24553849241432e-07,0.0598054048928188,0
1.36821440042165e-06,6.67353792868955e-07,0.0600116656122677,0
1.36821440042165e-06,7.12221488551256e-07,0.0600732517866259,0
1.36821440042165e-06,7.58667406535128e-07,0.0601350657209148,0
6.7681485538622e-06,8.06621303585421e-07,0.060196912012342,0
6.7681485538622e-06,1.07586310574375e-06,0.0605032752932651,0
1.46470687945341e-07,1.38096050511655e-06,0.0608091452748752,0
1.46470687945341e-07,1.38769876253504e-06,0.0608151920184138,0
1.46470687945341e-07,1.39447263819036e-06,0.0608217201978139,0
3.75629385648547e-07,1.40126652439382e-06,0.0608283235068848,0
3.75629385648547e-07,1.41879273676018e-06,0.060845311334953,0
3.75629385648547e-07,1.43643006835131e-06,0.0608622837120238,0
5.97679254204581e-07,1.45417977826513e-06,0.0608792534207368,0
5.97679254204581e-07,1.48262028306981e-06,0.0609063559109518,0
5.97679254204581e-07,1.51132892447027e-06,0.0609333751145446,0
5.97679254204574e-07,1.54031757743963e-06,0.0609603795184682,0
1.50265867714561e-06,1.56959046847029e-06,0.0609873781504733,0
1.50265867714561e-06,1.64444691098675e-06,0.0610555055469627,0
1.50265867714561e-06,1.72110518451673e-06,0.0611233736459353,0
1.50265867714561e-06,1.79956528987391e-06,0.0611912368931775,0
7.85635441880137e-06,1.87982706538606e-06,0.0612590953331642,0
7.85635441880137e-06,2.3287868384945e-06,0.0616155884156379,0
7.85635441880137e-06,2.82697526007708e-06,0.0619701578057832,0
7.85635441880137e-06,3.37437734432312e-06,0.0623245895235646,0
3.84025383283485e-05,3.97097761085995e-06,0.0626788812474654,0
5.39473960995237e-07,7.59443775853923e-06,0.0644171756083146,0
5.39473960995237e-07,7.65370562295687e-06,0.0644308115339588,0
5.39473960995237e-07,7.71320451720116e-06,0.0644550849410449,0
5.39473960995237e-07,7.77293479096674e-06,0.0644793573211703,0
1.17948995993433e-06,7.83289657059686e-06,0.0645036288758155,0
1.17948995993433e-06,7.96480171941451e-06,0.0645568723633748,0
1.17948995993433e-06,8.09781357613794e-06,0.0646099325216474,0
1.17948995993433e-06,8.23193209184591e-06,0.0646629889006606,0
2.53585348751749e-06,8.36715721268693e-06,0.0647160415655265,0
2.53585348751749e-06,8.66163229952313e-06,0.0648304708929089,0
2.53585348751749e-06,8.96122169264346e-06,0.0649445031098321,0
2.53585348751749e-06,9.26592488349437e-06,0.0650585188557992,0
2.10609616320966e-05,9.57574135239888e-06,0.0651725180861585,0
6.31828848962897e-06,1.24641696139388e-05,0.0661196458629861,0
6.31828848962897e-06,1.3372223176003e-05,0.0664021447418572,0
6.31828848962897e-06,1.43135095340727e-05,0.0666854571136412,0
1.81947552134784e-05,1.5286727301414e-05,0.0669688037009861,0
5.45842656404351e-06,1.8325281788299e-05,0.0677851128073897,0
5.45842656404351e-06,1.92678411834946e-05,0.0680286039703099,0
5.45842656404351e-06,2.02351753007521e-05,0.0682728096556179,0
2.91230745575403e-05,2.12263089613121e-05,0.0685170534475026,0
8.73692236726207e-06,2.71010790170162e-05,0.0698204717559011,0
8.73692236726207e-06,2.89419761277512e-05,0.0702090310584526,0
8.73692236726207e-06,3.08460950374667e-05,0.070598575690922,0
2.48286123495459e-05,3.28110378970927e-05,0.0709880697778419,0
7.44858370486375e-06,3.88331318421154e-05,0.0720948488320815,0
7.44858370486375e-06,4.0697266360142e-05,0.0724248524820116,0
7.44858370486375e-06,4.2607354205835e-05,0.0727557586752488,0
4.45028579429286e-05,4.45615806474908e-05,0.0730866468527211,0
1.08570059405273e-05,5.75960855187141e-05,0.0750620117086806,0
1.08570059405273e-05,6.09061203719857e-05,0.0755398735182876,0
1.08570059405273e-05,6.43147964808839e-05,0.0760193342948552,0
2.8135349745405e-05,6.78171665008374e-05,0.076498674432937,0
8.44060492362147e-06,7.74565342713206e-05,0.0777401416890281,0
8.44060492362147e-06,8.04219727970622e-05,0.0781101656762696,0
8.44060492362147e-06,8.34461414769471e-05,0.0784811486029098,0
4.69922419890357e-05,8.65266983907085e-05,0.0788520432219625,0
1.40976725967107e-05,0.000105187623776256,0.0809141947374431,0
1.40976725967107e-05,0.000110988046669508,0.0815280178149663,0
1.40976725967107e-05,0.000116951363755835,0.0821429452054667,0
5.7499927801918e-05,0.00012307137266373,0.0827573244622244,0
1.72499783405754e-05,0.000150311909270338,0.0852567048730923,0
1.72499783405754e-05,0.000158786757422659,0.0860000209323659,0
1.72499783405754e-05,0.000167504669859102,0.0867443750817402,0
5.8645308516847e-05,0.000176456202333613,0.0874877158304427,0
1.75935925550541e-05,0.000209269926422063,0.090006707983144,0
1.75935925550541e-05,0.000219428490129284,0.0907555194576451,0
1.75935925550541e-05,0.000229838930559064,0.0915052719437414,0
5.9727578044225e-05,0.000240491335739737,0.0922538567799688,0
5.9727578044225e-05,0.000279113369750092,0.0947858769909851,0
5.9727578044225e-05,0.000320444288880949,0.0972962691523019,0
0.00010269973474908,0.000364517617196827,0.0997869962983745,0
0.00010269973474908,0.000445818337356584,0.104042851095427,0
3.0809920424724e-05,0.000534758852401491,0.108224589318907,0
3.0809920424724e-05,0.000562965765814082,0.109448008963753,0
3.0809920424724e-05,0.000591899457191658,0.110684085997054,0
3.0809920424724e-05,0.000621557989434027,0.111914563050152,0
0.000115045086433269,0.0006519394396851,0.11313941468247,0
0.000115045086433269,0.000771747802650328,0.117685413493662,0
0.000115045086433269,0.000901569387701649,0.122128986662889,0
0.000115045086433269,0.00104135926033418,0.126492668856783,0
0.000453253538727279,0.00119107156510565,0.130776907416386,0
0.000453253538727279,0.00187660267400577,0.14699449894917,0
0.000453253538727279,0.00271270204390096,0.16201919966155,0
0.000453253538727279,0.00369665288893814,0.176095954823543,0
0.000453253538727279,0.00482579381572265,0.189387466300626,0
0.000666101336429309,0.00609751628499674,0.202041709360575,0
0.000666101336429309,0.00821983020435344,0.219786847964725,0
0.000666101336429309,0.010636612956188,0.236665432160343,0
0.000666101336429309,0.0133401157645397,0.252933113032415,0
0.000666101336429309,0.0163228001666118,0.268725152735517,0
0.00129914889138091,0.0195773276879907,0.284130611741905,0
0.00129914889138091,0.0266803445241891,0.31340170234914,0
0.00129914889138091,0.0347394927248561,0.341541594025659,0
0.00129914889138091,0.043706232952503,0.368827161616934,0
0.00129914889138091,0.0535345973191349,0.395342074190984,0
0.00213306675259418,0.0641809847441334,0.42114404449463,0
0.00213306675259418,0.0833285007694485,0.462210707605133,0
0.00213306675259418,0.104399309003796,0.501515022018364,0
0.00213306675259418,0.127235536209964,0.539352392524345,0
0.00213306675259418,0.15169280858992,0.575858442093372,0
0.00447057569819755,0.17763872508394,0.611151597643508,0
0.00447057569819755,0.236335151771822,0.681832694635147,0
0.00447057569819755,0.300064695787406,0.748162697735715,0
0.00256339769585523,0.36799403560841,0.811102267599683,0
0.00034579215746891,0.408558395445052,0.845783760539224,0
0.000300750228601335,0.414112563151353,0.850280486498783,0
0.000300750228601335,0.418958720636863,0.85427729890626,0
0.000300750228601335,0.42381893408815,0.858253710482556,0
0.000300750228601335,0.42869297446212,0.862207260637689,0
0.00117311812618163,0.433580659698008,0.866138278884409,0
0.00117311812618163,0.452834756414158,0.881167859913681,0
0.00117311812618163,0.472277530849178,0.895886738179544,0
0.00348602561094623,0.49190174773706,0.910314909867471,0
0.00348602561094623,0.551104309336419,0.951933471522027,0
0.00348602561094623,0.611625764759065,0.99142732272822,0
0.00348602561094623,0.673335029391423,1.02918125014894,0
0.00888083781446529,0.736089149737905,1.06546776927766,0
0.00888083781446529,0.899856578969213,1.15277600843331,0
0.00888083781446529,1.06780802943428,1.23464698982253,0
0.00888083781446529,1.23863430085313,1.31311002175035,0
0.00888083781446529,1.41146341201648,1.38926626324753,0
0.0116065768320778,1.58570982264528,1.46382374246103,0
0.0116065768320778,1.81488305970005,1.5596868361923,0
0.0116065768320778,2.04515355858372,1.65441110824567,0
0.0116065768320778,2.27612542458997,1.74852274687164,0
0.0116065768320778,2.50753460493945,1.84235906188468,0
0.0116065768320778,2.73921224840649,1.93613505195774,0
0.0262308377694019,2.97105713976622,2.02998856889303,0
0.0110598036236059,3.4953990450219,2.24278267973769,0
0.00282119409823781,3.71651875775953,2.33296847113058,0
0.000998597534064533,3.77292783163083,2.3560191608466,0
0.000998597534064533,3.79289532528048,2.36418224582105,0
0.000998597534064533,3.81293288537115,2.37975565022704,0
0.000998597534064533,3.83315355658081,2.3989498375641,0
0.000998597534064533,3.85363912015613,2.41821674586386,0
0.00129804320758606,3.87441291918083,2.43672925830281,0
0.00129804320758606,3.90182701146637,2.4606231729644,0
0.00129804320758606,3.92968385970543,2.48443080261813,0
0.00129804320758606,3.95796546406884,2.50850450009737,0
0.00129804320758606,3.98666432729444,2.53284868270264,0
0.00516220626372052,4.01577658363102,2.55737868511429,0
0.00516220626372052,4.13545320210672,2.6563081649672,0
0.00516220626372052,4.26112713156069,2.75722934304314,0
0.00516220626372052,4.39240130607503,2.85995710757453,0
0.0118040593147218,4.52888737459144,2.96426349782278,0
0.0118040593147218,4.85876973834818,3.20792036688827,0
0.0118040593147218,5.21023827886051,3.45686968326904,0
0.0118040593147218,5.57995421085584,3.70995640911906,0
0.0118040593147218,5.96513865986252,3.96632807364661,0
0.0252472537107081,6.36346199776299,4.22544922970673,0
0.0163752187830954,7.25122289133316,4.78775392740083,0
0.00219876689411669,7.84682493795694,5.15723331268484,0
0.000782184129456742,7.92775059724879,5.20723364918783,0
0.000782184129456742,7.95659502256779,5.22513786560519,0
0.000782184129456742,7.98546682265531,5.24310802744412,0
0.000782184129456742,8.01436477055607,5.2611322985248,0
0.000782184129456742,8.04328837381351,5.2792073475304,0
0.0024896111473548,8.07223744067203,5.29733172933135,0
0.0024896111473548,8.16454498887433,5.35535091981511,0
0.0024896111473548,8.25709964745041,5.4138405850151,0
0.0024896111473548,8.34989333508118,5.47279158377915,0
0.0130282795743221,8.44291792201812,5.53218661101212,0
0.0130282795743221,8.93320267470303,5.84976933621479,0
0.0130282795743221,9.42860454757067,6.1773165209655,0
0.0130282795743221,9.92826256363999,6.51362011822536,0
0.0130282795743221,10.4314683229608,6.8578762985609,0
0.0230897265925387,10.9376370554386,7.20953292629854,0
0.0230897265925387,11.8405887701105,7.84987203042105,0
0.0230897265925387,12.7492041264309,8.51074460364825,0
0.0230897265925387,13.6618976263608,9.19134750017529,0
0.0103039598770126,14.5775565294808,9.89133959810735,0
0.00275757283408185,14.9868983336251,10.2099347044776,0
0.00202615540567253,15.0965153625101,10.295852702194,0
0.0016059935168079,15.1770748883909,10.3591604789553,0
0.0016059935168079,15.2406236790666,10.3910282917792,0
0.0016059935168079,15.3033378312992,10.4141091035683,0
0.0016059935168079,15.3649663332617,10.4349061158136,0
0.0016059935168079,15.4254317600608,10.4548972597234,0
0.0034416801300412,15.4847351936518,10.474178926161,0
0.0034416801300412,15.6065508636673,10.5116708015884,0
0.0034416801300412,15.7235187454908,10.5454230943545,0
0.00894711754582156,15.8358909655131,10.5756553190114,0
0.00894711754582156,16.1102847658128,10.6404813285476,0
0.00894711754582156,16.3589362884558,10.6863118922558,0
0.00894711754582156,16.5840004130541,10.7148889146991,0
0.0171195947736252,16.7879725213529,10.7285008802063,0
0.0171195947736252,17.1276061808053,10.7200902343594,0
0.000531377247111497,17.4130264895973,10.6781434545511,0
0.000359826605564773,17.421173095437,10.6767485097443,0
9.77394490520034e-05,17.4266644172399,10.6755838712664,0
9.77394490520034e-05,17.4281526786768,10.6752773678365,0
7.55969252563826e-05,17.4296396100646,10.6749899201691,0
7.55969252563826e-05,17.4307887676472,10.6747919071852,0
7.55969252563826e-05,17.4319371167345,10.6746147441918,0
7.55969252563826e-05,17.4330846554247,10.674457337034,0
7.55969252563826e-05,17.4342313854204,10.6743184656362,0
0.000197483063724246,17.4353773086167,10.6741974392547,0
0.000197483063724246,17.4383670248455,10.673957895301,0
0.000197483063724246,17.4413512572845,10.6738285288926,0
5.36535537389859e-05,17.444330020327,10.6737986281068,0
5.36535537389859e-05,17.4451383674132,10.6738085999421,0
5.36535537389859e-05,17.4459463122884,10.6738182592425,0
5.36535537389859e-05,17.4467538551984,10.6738281058336,0
0.000129368323276924,17.4475609964096,10.673837686099,0
0.000129368323276924,17.4495047832569,10.6738590638726,0
0.000129368323276924,17.4514462363235,10.6738786530035,0
0.00129368323276879,17.453385365585,10.6738965468286,0
0.00129368323276879,17.4725800652512,10.6739273481271,0
0.00129368323276879,17.4915544487161,10.6738051929473,0
0.00710196922051543,17.5103081583649,10.6735262401807,0
0.00710196922051543,17.6097646556047,10.6694548634066,0
0.00710196922051543,17.7033417107614,10.6614546343245,0
0.00710196922051543,17.7914855800767,10.649876626061,0
0.0199946898392857,17.8746787545905,10.6351877862948,0
0.0199946898392857,18.0859180310912,10.5803927032096,0
0.0199946898392857,18.2699970363336,10.512347692665,0
0.0199946898392857,18.4337232580434,10.4369174317034,0
0.0199946898392857,18.582090274456,10.3582293078906,0
0.0234710756897294,18.7187806705255,10.2790775999424,0
0.0234710756897294,18.8680068570337,10.1880488442468,0
0.0234710756897294,19.0083784148813,10.1010574804572,0
0.0234710756897294,19.1423780319671,10.019324951927,0
0.0234710756897294,19.2717706994139,9.94348263599936,0
0.0328496971002022,19.3978251814733,9.87376931421691,0
0.0328496971002022,19.5702834497259,9.78641940959276,0
0.0328496971002022,19.7397485993543,9.7106649279921,0
0.0328496971002021,19.9073416423985,9.64581296709419,0
0.0328496971002021,20.0737327162592,9.59095235758968,0
0.0448891158374614,20.2393435761932,9.54522457758801,0
0.0448891158374614,20.464858804352,9.49607315842569,0
0.0448891158374614,20.6898818394354,9.46061005396318,0
0.0448891158374614,20.9146510653482,9.43716962009721,0
0.0150111970386049,21.1392778113948,9.42432437366324,0
0,21.2143751677373,9.42212660248989,0
4.3287089246391e-08,21.2143751677373,9.42212660248989,0
4.3287089246391e-08,21.2143753842711,9.42211643501403,0
4.3287089246391e-08,21.214375600805,9.42210626755535,0
2.52239935161214e-07,21.2143758173389,9.4220961001142,0
2.52239935161214e-07,21.214377079112,9.42203685334059,0
2.52239935161214e-07,21.2143783408847,9.42197760715487,0
1.74471587399694e-07,21.2143796026569,9.421918361564,0
1.74471587399694e-07,21.2143804754104,9.42187738239012,0
1.38848098574229e-07,21.2143813481635,9.42183640350233,0
1.38848098574229e-07,21.2143820427181,9.42180379186006,0
1.38848098574229e-07,21.2143827372724,9.42177118039892,0
1.05075914413888e-07,21.2143834318262,9.42173856911891,0
1.05075914413888e-07,21.2143839574427,9.42171389003878,0
1.05075914413888e-07,21.2143844830589,9.42168921106237,0
7.96706653982682e-08,21.2143850086748,9.42166453218969,0
7.96706653982682e-08,21.2143854072071,9.42164582024271,0
6.60426859866448e-08,21.2143858057392,9.42162710835538,0
6.60426859866448e-08,21.2143861361007,9.42161159725487,0
5.36471806977801e-08,21.2143864664621,9.42159608619535,0
5.36471806977801e-08,21.2143867348181,9.42158348642582,0
4.12131582194775e-08,21.214387003174,9.42157088668332,0
4.12131582194775e-08,21.214387209332,9.42156120725208,0
2.78956899801841e-08,21.2143874154898,9.42155152783681,0
2.78956899801841e-08,21.2143875550306,9.42154497620123,0
2.78956899801841e-08,21.2143876945713,9.42153842457297,0
2.78956899801841e-08,21.214387834112,9.42153187295202,0
6.39512662825581e-08,21.2143879736526,9.42152532133838,0
6.39512662825581e-08,21.2143882935515,9.42151030169843,0
6.39512662825581e-08,21.2143886134502,9.4214952820969,0
4.44678256439346e-08,21.2143889333487,9.42148026253379,0
4.44678256439346e-08,21.2143891557867,9.42146981886465,0
4.44678256439346e-08,21.2143893782245,9.42145937521408,0
4.44678256439346e-08,21.2143896006623,9.42144893158209,0
4.44678256439346e-08,21.2143898231,9.42143848796868,0
4.44678256439346e-08,21.2143900455376,9.42142804437384,0
5.00084884613727e-08,21.2143902679752,9.42141760079758,0
5.00084884613727e-08,21.2143905181282,9.42140585598055,0
5.00084884613727e-08,21.2143907682811,9.42139411118702,0
5.00084884613727e-08,21.2143910184339,9.42138236641697,0
5.00084884613727e-08,21.2143912685866,9.42137062167042,0
1.09031985662256e-07,21.2143915187392,9.42135887694737,0
1.09031985662256e-07,21.2143920641389,9.42133327036653,0
1.09031985662256e-07,21.2143926095381,9.42130766389736,0
1.09031985662256e-07,21.2143931549367,9.42128205753987,0
1.09031985662256e-07,21.2143937003347,9.42125645129406,0
1.9953205199208e-07,21.2143942457322,9.42123084515992,0
1.9953205199208e-07,21.2143952438254,9.42118398539739,0
1.9953205199208e-07,21.2143962419166,9.42113712600886,0
1.9953205199208e-07,21.2143972400054,9.42109026699432,0
1.9953205199208e-07,21.2143982380918,9.42104340835378,0
1.9953205199208e-07,21.2143992361758,9.42099655008723,0
1.58544008810324e-07,21.2144002342572,9.42094969219467,0
1.58544008810324e-07,21.2144010273099,9.42091246015672,0
1.58544008810324e-07,21.2144018203609,9.42087522835488,0
1.58544008810324e-07,21.21440261341,9.42083799678916,0
1.58544008810324e-07,21.2144034064573,9.42080076545955,0
2.07933725571152e-07,21.2144041995026,9.42076353436605,0
2.07933725571152e-07,21.2144052395949,9.4207147053798,0
2.07933725571152e-07,21.2144062796836,9.42066587679966,0
2.07933725571152e-07,21.2144073197687,9.42061704862565,0
2.07933725571152e-07,21.21440835985,9.42056822085776,0
2.07933725571152e-07,21.2144093999274,9.42051939349598,0
3.01125660406854e-07,21.2144104400008,9.42047056654032,0
3.01125660406854e-07,21.214411946208,9.4203998569931,0
3.01125660406854e-07,21.2144134524061,9.42032914829757,0
3.01125660406854e-07,21.2144149585947,9.42025844045372,0
3.01125660406854e-07,21.2144164647736,9.42018773346154,0
3.01125660406854e-07,21.2144179709424,9.42011702732103,0
3.78506719522775e-07,21.2144194771006,9.42004632203217,0
3.78506719522775e-07,21.2144213702848,9.41995744862589,0
3.78506719522775e-07,21.2144232634511,9.41986857656517,0
3.78506719522775e-07,21.2144251565988,9.41977970584999,0
2.91452066036868e-07,21.214427049727,9.41969083648032,0
2.91452066036868e-07,21.2144285074315,9.41962240753837,0
2.10854374183e-07,21.2144299651238,9.41955397939416,0
1.95682049008994e-07,21.2144310197004,9.41950447475767,0
1.46873949447013e-07,21.2144319983874,9.41945853267099,0
1.46873949447013e-07,21.214432732961,9.41942404995005,0
1.46873949447013e-07,21.2144334675312,9.41938956743168,0
1.46873949447013e-07,21.214434202098,9.4193550851159,0
2.46144212789901e-07,21.2144349366614,9.41932060300271,0
2.46144212789901e-07,21.2144361676992,9.4192628153152,0
2.46144212789901e-07,21.214437398727,9.41920502819665,0
2.46144212789901e-07,21.2144386297446,9.41914724164706,0
2.46144212789901e-07,21.2144398607518,9.41908945566642,0
5.26960073132798e-07,21.2144410917484,9.41903167025472,0
5.26960073132798e-07,21.2144437271022,9.41890796174417,0
5.26960073132798e-07,21.2144463624046,9.41878425584116,0
5.26960073132798e-07,21.2144489976537,9.41866055254565,0
5.26960073132798e-07,21.2144516328475,9.41853685185758,0
8.21001197248705e-07,21.214454267984,9.4184131537769,0
8.21001197248705e-07,21.2144583733952,9.41822043797229,0
8.21001197248705e-07,21.2144624786553,9.41802772849637,0
8.21001197248705e-07,21.2144665837572,9.41783502534893,0
8.21001197248705e-07,21.2144706886934,9.41764232852977,0
1.08476969229443e-06,21.2144747934567,9.41744963803868,0
1.08476969229443e-06,21.214480216707,9.41719505030057,0
1.08476969229443e-06,21.2144856396258,9.41694047360899,0
1.08476969229443e-06,21.2144910621964,9.41668590796344,0
1.08476969229443e-06,21.2144964844022,9.41643135336346,0
1.58025801288986e-06,21.2145019062263,9.41617680980857,0
1.31582046791756e-06,21.2145098038433,9.41580601861103,0
1.31582046791756e-06,21.2145163792066,9.41549729283074,0
1.31582046791756e-06,21.2145229539189,9.41518858329911,0
1.08812317889395e-06,21.2145295279508,9.41487989001532,0
1.08812317889395e-06,21.2145349638402,9.41462462710042,0
1.08812317889395e-06,21.2145403992275,9.41436937529558,0
1.08812317889395e-06,21.2145458340964,9.41411413460031,0
1.56731328138093e-06,21.2145512684302,9.41385890501414,0
1.56731328138093e-06,21.2145590949766,9.41349129637969,0
1.56731328138093e-06,21.2145669203316,9.41312371079088,0
1.56731328138093e-06,21.2145747444452,9.41275614824624,0
1.56731328138093e-06,21.2145825672681,9.4123886087443,0
2.28015200254283e-06,21.2145903887517,9.41202109228362,0
2.28015200254283e-06,21.2146017650781,9.41148646469934,0
2.28015200254283e-06,21.2146131383193,9.41095188587413,0
2.28015200254283e-06,21.2146245083275,9.41041735580352,0
2.28015200254283e-06,21.2146358749559,9.40988287448309,0
3.54626362253363e-06,21.2146472380579,9.40934844190839,0
3.54626362253363e-06,21.2146649034583,9.40851734908599,0
3.54626362253363e-06,21.2146825594325,9.40768637414621,0
3.54626362253363e-06,21.21470020544,9.40685551707231,0
3.54626362253363e-06,21.2147178409443,9.40602477784759,0
5.69346305567819e-06,21.2147354654127,9.40519415645532,0
5.69346305567819e-06,21.2147637367759,9.40386085501858,0
5.69346305567819e-06,21.2147919761662,9.40252785719136,0
5.69346305567819e-06,21.2148201814415,9.40119516290454,0
5.69346305567819e-06,21.2148483504862,9.39986277208899,0
1.04734528991735e-05,21.2148764812099,9.3985306846756,0
1.04734528991735e-05,21.2149281223451,9.39608102541305,0
1.04734528991735e-05,21.2149796141925,9.39363239219119,0
1.04734528991735e-05,21.215030944371,9.39118478458028,0
1.04734528991735e-05,21.2150821007807,9.38873820215072,0
2.19010131716768e-05,21.2151330715899,9.38629264447313,0
2.19010131716768e-05,21.2152390063889,9.38118205445905,0
2.19010131716768e-05,21.2153439771574,9.37607593956858,0
2.19010131716768e-05,21.2154478860293,9.37097429588288,0
2.19010131716768e-05,21.2155506398284,9.3658771194867,0
7.61909806334948e-05,21.2156521497532,9.36078440646825,0
7.61909806334948e-05,21.2159944698222,9.343102190214,0
7.61909806334948e-05,21.2163175636916,9.32547378096764,0
7.61909806334948e-05,21.2166187002145,9.30789901496637,0
7.61909806334948e-05,21.2168956370192,9.29037772896668,0
0.000164085335132791,21.2171465627458,9.27290976023343,0
0.000164085335132791,21.2175931360055,9.23547093623958,0
0.000164085335132791,21.217905063193,9.19827703446142,0
0.00010607632053139,21.2180817566412,9.1613264521362,0
0.00010607632053139,21.2181263562422,9.1375677379431,0
7.90599469067121e-05,21.2181199816495,9.11390957724366,0
7.90599469067121e-05,21.2180831469068,9.09634205240621,0
7.90599469067121e-05,21.2180196155419,9.07882999042691,0
7.90599469067121e-05,21.2179296190979,9.06137321894328,0
0.000146770582859057,21.2178131133776,9.04397156499375,0
0.000146770582859057,21.2175253426085,9.01181189616687,0
0.000146770582859057,21.2171418146736,8.97984050073759,0
0.000146770582859057,21.2166578534512,8.94805626135617,0
0.000146770582859057,21.2160683588431,8.91645807408233,0
0.000146770582859057,21.2153687318756,8.88504484874535,0
4.58923576320824e-05,21.2145553344221,8.85381550392479,0
4.58923576320824e-05,21.2142771615246,8.84408825069243,0
4.58923576320824e-05,21.2139875581163,8.83437883746536,0
4.58923576320824e-05,21.2136864715776,8.82468723147295,0
4.58923576320824e-05,21.213373850335,8.81501339999713,0
5.80062777026935e-05,21.2130496526473,8.80535731041916,0
5.80062777026935e-05,21.2126232607368,8.79317768870081,0
5.80062777026935e-05,21.2121782765358,8.78102629182817,0
5.80062777026935e-05,21.2117146662271,8.76890305620415,0
0.000200422561454916,21.2112324070666,8.75680791697597,0
0.000200422561454916,21.2094226289232,8.71523190484895,0
0.000139338058403382,21.2073908592293,8.67398780709027,0
0.000139338058403382,21.2058480709936,8.64550844515941,0
0.000139338058403382,21.2041992445701,8.61718737656966,0
0.000139338058403382,21.2024452056202,8.58902371174203,0
0.000473077970409408,21.2005868735372,8.561016578491,0
0.000473077970409408,21.1935129330087,8.46708386703949,0
0.000473077970409408,21.1852896381157,8.37491217916122,0
0.000473077970409408,21.175960754606,8.28446833553627,0
0.000473077970409408,21.1655704366056,8.19571986094221,0
0.000822199980626159,21.1541617259223,8.10863496949029,0
0.000822199980626159,21.1320322476203,7.96114966996176,0
0.000822199980626159,21.1071611271475,7.81843609379534,0
0.000822199980626159,21.0797476471441,7.68033965475275,0
0.000822199980626159,21.0499800038621,7.54671096479193,0
0.00142060912181718,21.0180359324854,7.41740553165038,0
0.00142060912181718,20.9581936417559,7.20377402925925,0
0.00142060912181718,20.8931519120438,7.00194436539518,0
0.00142060912181718,20.8236401860785,6.81126299009234,0
0.00142060912181718,20.750314509487,6.63111403537747,0
0.00214798325965981,20.6737662121458,6.46091613287118,0
0.00214798325965981,20.5530549015259,6.22127148089112,0
0.00214798325965981,20.4278072008421,6.00135899080664,0
0.00214798325965981,20.2994172130644,5.79954874554019,0
0.00214798325965981,20.1690616187283,5.61435064840734,0
0.00278759086106417,20.0377376338049,5.44439870733336,0
0.00278759086106417,19.867213897884,5.24454681551459,0
0.00278759086106417,19.6980062895418,5.0657821188365,0
0.00278759086106417,19.5313425763317,4.90587270349189,0
0.00278759086106417,19.3681798744536,4.7628302550412,0
0.00589162856211178,19.2092592797751,4.63487783692163,0
0.00589162856211178,18.8894836866466,4.40739005176536,0
0.00589162856211178,18.5944125836187,4.22771463742991,0
0.00589162856211178,18.325500938579,4.08565391245077,0
0.00589162856211178,18.0826546496776,3.97331527872302,0
0.0071265969864398,17.8648913453199,3.88451544269232,0
0.0071265969864398,17.632877433174,3.80172876828774,0
0.0071265969864398,17.4324126188759,3.73945486838072,0
0.0071265969864398,17.2602183593092,3.69256557219881,0
0.0071265969864398,17.1129937617461,3.65726196199438,0
0.00993890732894953,16.9875991130138,3.63069577836768,0
0.00993890732894953,16.8438424764611,3.60439806288834,0
0.00993890732894953,16.7300620644044,3.58670211124396,0
0.00993890732894953,16.6403495129905,3.57473369928503,0
0.00993890732894953,16.5698206008046,3.5666418907885,0
0.0114932297612613,16.5144701491324,3.56119118627623,0
0.0114932297612613,16.4651402115369,3.55709711069074,0
0.0114932297612613,16.4275777855367,3.55450728742521,0
0.0114932297612613,16.3985727659676,3.55285817952044,0
0.00945798657619323,16.3757996839696,3.55180799818634,0
0.00945798657619323,16.3605545431047,3.55123512534878,0
0.00945798657619323,16.3478228208644,3.55084461507972,0
0.00945798657619323,16.3371436073382,3.55057926003349,0
0.00945798657619323,16.3281524723802,3.55039795419493,0
0.00952321920165078,16.3205627829819,3.55027329907237,0
0.00952321920165078,16.3141072887742,3.55018699556622,0
0.00952321920165078,16.3086561682064,3.5501278617239,0
0.00952321920165078,16.3040556485358,3.5500874445307,0
0.00952321920165078,16.3001780651097,3.55005983442388,0
0.00313723923946596,16.296916234605,3.55004095303507,0
0.00270924073708234,16.2959599298493,3.55003608689497,0
0.00270924073708234,16.2951777713738,3.55003236446684,0
0.00270924073708234,16.2944341342191,3.55002903199434,0
0.00270924073708234,16.2937273254837,3.5500260445387,0
0.00500112927530449,16.2930557338725,3.55002336483502,0
0.0016054342763494,16.291902323307,3.55001910216658,0
0.0016054342763494,16.2915553963237,3.55001791438071,0
0.0016054342763494,16.2912190339364,3.55001679994417,0
0.0016054342763494,16.2908929697931,3.5500157544778,0
0.00292351523395307,16.2905769486573,3.55001477394204,0
0.00292351523395329,16.2900262575128,3.55001313988004,0
0.00292351523395329,16.289506518115,3.55001168629791,0
0.00292351523395329,16.2890163180954,3.55001039364924,0
0.00851287437611159,16.2885542839196,3.55000924407823,0
0.00851287437611159,16.2873534050341,3.55000653248544,0
0.00851287437611159,16.2863514631433,3.5500046094936,0
0.00851287437611159,16.2855240248265,3.5500032542786,0
0.00724511530128424,16.2848483988362,3.55000229921915,0
0.00724511530128424,16.2843790435844,3.55000171500552,0
0.00724511530128424,16.2839945866016,3.55000127921273,0
0.00724511530128424,16.2836856605054,3.55000095387524,0
0.00647473994260461,16.2834438923325,3.55000071113214,0
0.00647473994260461,16.2832788597229,3.55000054745435,0
0.00647473994260461,16.2831567634722,3.55000042142884,0
0.00647473994260461,16.283073345109,3.5500003243776,0
0.00425356666277166,16.2830247579723,3.55000024965908,0
0.00425356666277166,16.2830103392358,3.55000021050548,0
0.00425356666277166,16.2830084980795,3.55000017746865,0
0.00425356666277166,16.2830183999184,3.55000014959418,0
0.00588840108491073,16.2830392757001,3.55000012608878,0
0.00588840108491073,16.2830850314075,3.5500000995966,0
0.00588840108491073,16.2831486990577,3.55000007872367,0
0.00588840108491073,16.2832285934886,3.55000006223613,0
0.00588840108491073,16.2833232111536,3.55000004919465,0
0.013724525035387,16.2834312090363,3.55000003888007,0
0.013724525035387,16.2837285158581,3.55000002270582,0
0.013724525035387,16.2840789248135,3.55000001337234,0
0.013724525035387,16.284471650506,3.55000000783532,0
0.013724525035387,16.2848981971074,3.55000000453037,0
0.021791504546141,16.2853518225546,3.55000000259799,0
0.021791504546141,16.2861153588546,3.55000000116679,0
0.021791504546141,16.2869172940208,3.55000000056154,0
0.021791504546141,16.2877457836805,3.55000000024783,0
0.021791504546141,16.2885927976523,3.55000000008527,0
0.0320610821066016,16.2894527938056,3.55000000002143,0
0.0320610821066016,16.2907340776394,3.55000000000726,0
0.0320610821066016,16.2920265627598,3.55000000000934,0
0.0320610821066014,16.2933250604512,3.55000000000434,0
0.0320610821066016,16.2946267294806,3.549999999999,0
0.0557111432478732,16.2959299440864,3.54999999999805,0
0.0557111432478732,16.2981955891644,3.54999999999917,0
0.0557111432478732,16.3004597896367,3.55000000000066,0
0.0557111432478732,16.3027212275428,3.5500000000005,0
0.0557111432478732,16.3049795734426,3.54999999999994,0
0.248110817813326,16.3072347106543,3.54999999999984,0
0.248110817813326,16.3172377712512,3.54999999999988,0
0.248110817813326,16.3271745747552,3.55000000000004,0
0.248110817813326,16.3370451962718,3.55000000000002,0
0.916647205750864,16.3468498477438,3.55,0
0.274994161725259,16.3821812402882,3.55,0
0.210329543175326,16.3926837583862,3.55,0
0.210329543175326,16.4006669201605,3.55,0
0.210329543175326,16.4086020964209,3.55,0
0.414134834294144,16.4164904788847,3.55,0
0.414134834294144,16.4318574786922,3.55,0
0.414134834294144,16.4470576808497,3.55,0
0.368922150628049,16.4620940168508,3.55,0
0.368922150628049,16.4753597293427,3.55,0
0.368922150628049,16.4885009266468,3.55,0
0.155352711401569,16.5015208603458,3.55,0
0.155352711401569,16.5069784614984,3.55,0
0.155352711401569,16.5124154008981,3.55,0
0.0206605362180241,16.5178315389195,3.55,0
0.0206605362180241,16.5185510978866,3.55,0
0.00463935798443416,16.5192702333351,3.55,0
0.00463935798443416,16.5194316860112,3.55,0
0.00244390086414192,16.5195931183787,3.55,0
0.00113608298551071,16.5196781510281,3.55,0
0.000290622257715256,16.519717678327,3.55,0
0.000290622257715256,16.5197277897198,3.55,0
0.000290622257715256,16.5197379010333,3.55,0
0.00192953736930335,16.5197480122734,3.55,0
0.00192953736930335,16.5198151414484,3.55,0
0.00192953736930335,16.5198822677931,3.55,0
0.0072734081762551,16.5199493916729,3.55,0
0.0072734081762551,16.5202024158455,3.55,0
0.0072734081762551,16.5204554847727,3.55,0
0.0072734081762551,16.5207086968209,3.55,0
0.013795909284239,16.5209621848038,3.55,0
0.013795909284239,16.5214442845966,3.55,0
0.013795909284239,16.5219289825406,3.55,0
0.013795909284239,16.5224172704641,3.55,0
0.013795909284239,16.5229098897459,3.55,0
0.0248932615389705,16.5234072644437,3.55,0
0.0248932615389705,16.524316908679,3.55,0
0.0248932615389705,16.5252417962843,3.55,0
0.0248932615389705,16.526180151969,3.55,0
0.0248932615389705,16.5271295836643,3.55,0
0.0446032452341285,16.5280877071394,3.55,0
0.0446032452341285,16.52982020384,3.55,0
0.0446032452341285,16.5315651604373,3.55,0
0.0446032452341285,16.5333163427927,3.55,0
0.0446032452341285,16.5350699995017,3.55,0
0.0504896629650879,16.5368239091892,3.55,0
0.0123831296794883,16.5388077739786,3.55,0
0.0019298475813212,16.5392939025695,3.55,0
0.00147138210927444,16.5393696502487,3.55,0
0.00147138210927444,16.5394274017904,3.55,0
0.00147138210927444,16.5394851534863,3.55,0
0.00147138210927444,16.5395429071456,3.55,0
0.00147138210927444,16.5396006651931,3.55,0
0.00399636361207456,16.5396584304132,3.55,0
0.00399636361207456,16.5398153844713,3.55,0
0.00399636361207456,16.5399724746014,3.55,0
0.00399636361207456,16.5401297620387,3.55,0
0.00399636361207456,16.5402873043133,3.55,0
0.0102494692213462,16.5404451522275,3.55,0
0.0102494692213462,16.5408517220201,3.55,0
0.0102494692213462,16.5412610216084,3.55,0
0.0102494692213462,16.5416733106027,3.55,0
0.0225340109077177,16.5420886837422,3.55,0
0.0225340109077177,16.5430122880502,3.55,0
0.0225340109077177,16.5439488306072,3.55,0
0.0225340109077177,16.5448957254453,3.55,0
0.0225340109077177,16.5458502401416,3.55,0
0.0494631826625902,16.5468100797456,3.55,0
0.0494631826625902,16.5489282605116,3.55,0
0.0494631826625902,16.5510509523412,3.55,0
0.0494631826625902,16.5531701187725,3.55,0
0.0494631826625902,16.5552813483843,3.55,0
0.0916650970243236,16.5573817881679,3.55,0
0.0916650970243236,16.5612363680988,3.55,0
0.0916650970243236,16.5650339777813,3.55,0
0.0916650970243236,16.5687653854101,3.55,0
0.0533762583900863,16.5724232043078,3.55,0
0.0170969319137946,16.5745199612411,3.55,0
0.014494298236075,16.5751864689576,3.55,0
0.014494298236075,16.5757490180593,3.55,0
0.014494298236075,16.5763095033994,3.55,0
0.070415162165375,16.5768679485264,3.55,0
0.0237505273298613,16.5795352427326,3.55,0
0.0237505273298613,16.5804274137761,3.55,0
0.0237505273298613,16.581313367945,3.55,0
0.0358496890620437,16.5821933437233,3.55,0
0.0358496890620437,16.5835087943352,3.55,0
0.0358496890620437,16.5848108810796,3.55,0
0.0203595816857867,16.5860995970364,3.55,0
0.0203595816857867,16.5868266932113,3.55,0
0.0203595816857867,16.587549487082,3.55,0
0.0317850010487941,16.5882680950582,3.55,0
0.0317850010487941,16.5893804612487,3.55,0
0.0317850010487941,16.5904829443147,3.55,0
0.0797059472854027,16.5915756099395,3.55,0
0.0797059472854027,16.5942787929051,3.55,0
0.0797059472854027,16.5969276144197,3.55,0
0.0797059472854027,16.5995243788238,3.55,0
0.0671347769306152,16.6020723052013,3.55,0
0.0671347769306152,16.6041828712156,3.55,0
0.0671347769306152,16.6062633854633,3.55,0
0.0671347769306152,16.6083160382707,3.55,0
0.0643383830359081,16.6103430204236,3.55,0
0.0643383830359081,16.612263430415,3.55,0
0.0643383830359081,16.6141640102073,3.55,0
0.0643383830359081,16.6160464412728,3.55,0
0.0566032932868517,16.6179123041331,3.55,0
0.0566032932868517,16.6195412824085,3.55,0
0.0566032932868517,16.6211595502651,3.55,0
0.0566032932868517,16.6227679736645,3.55,0
0.0877875156215921,16.6243673566573,3.55,0
0.0877875156215921,16.626832089553,3.55,0
0.0877875156215921,16.6292796258766,3.55,0
0.0877875156215921,16.6317123323607,3.55,0
0.0869372501741026,16.6341323549457,3.55,0
0.0869372501741026,16.6365183399703,3.55,0
0.0869372501741026,16.6388954978404,3.55,0
0.0869372501741026,16.641265411722,3.55,0
0.273107203650868,16.6436295504213,3.55,0
0.273107203650868,16.65104090889,3.55,0
0.0211288732961634,16.6584461245488,3.55,0
0.00103729270323605,16.6590191311593,3.55,0
0.00103729270323605,16.6590472726841,3.55,0
0.00103729270323605,16.6590754178888,3.55,0
0.00103729270323605,16.6591035684436,3.55,0
0.00294670599148539,16.6591317266027,3.55,0
0.00294670599148539,16.6592117832905,3.55,0
0.00294670599148539,16.6592919594183,3.55,0
0.00294670599148539,16.6593722851262,3.55,0
0.00653438539720064,16.6594527828706,3.55,0
0.00653438539720064,16.6596319595006,3.55,0
0.00653438539720064,16.6598121313847,3.55,0
0.00653438539720064,16.6599933042515,3.55,0
0.00653438539720064,16.6601754341399,3.55,0
0.0139051537757933,16.6603584603881,3.55,0
0.0139051537757933,16.6607506420287,3.55,0
0.0139051537757933,16.6611460282341,3.55,0
0.0139051537757933,16.6615440904217,3.55,0
0.0139051537757933,16.6619443822929,3.55,0
0.0341051016545162,16.6623465440997,3.55,0
0.0341051016545162,16.6633387359162,3.55,0
0.0341051016545162,16.6643376241756,3.55,0
0.0341051016545162,16.6653412160184,3.55,0
0.0604707932020823,16.6663481560388,3.55,0
0.0604707932020823,16.6681390878363,3.55,0
0.0604707932020823,16.6699357121861,3.55,0
0.0604707932020823,16.6717367288896,3.55,0
0.191397603833771,16.6735415003565,3.55,0
0.0713304155216257,16.6792768903285,3.55,0
0.0713304155216257,16.6814193828988,3.55,0
0.0713304155216257,16.6835665564347,3.55,0
0.1197955901737,16.6857181912614,3.55,0
0.1197955901737,16.6893409654658,3.55,0
0.1197955901737,16.6929721675018,3.55,0
0.159785731168554,16.6966106482639,3.55,0
0.159785731168554,16.7014740497935,3.55,0
0.0601004601664776,16.7063500999001,3.55,0
0.0232156548886646,16.7081874221243,3.55,0
0.0232156548886646,16.7088976397127,3.55,0
0.0232156548886646,16.7096081156045,3.55,0
0.0303495303713444,16.7103188101465,3.55,0
0.0303495303713444,16.71124819402,3.55,0
0.0303495303713444,16.7121780106585,3.55,0
0.0303495303713444,16.7131083464369,3.55,0
0.101402627227097,16.7140392694465,3.55,0
0.00100213959459161,16.7171551181664,3.55,0
0.000335542868546312,16.717185951576,3.55,0
0.000335542868546312,16.7171962758537,3.55,0
0.000335542868546312,16.7172066002741,3.55,0
0.000335542868546312,16.7172169248102,3.55,0
0.00155423489644235,16.7172272494546,3.55,0
0.00155423489644235,16.717275074626,3.55,0
0.00155423489644235,16.7173229021245,3.55,0
0.00155423489644235,16.7173707319614,3.55,0
0.00892166975340736,16.717418564149,3.55,0
0.00892166975340736,16.7176932041073,3.55,0
0.00892166975340736,16.7179679233236,3.55,0
0.0204622701945549,16.7182427250776,3.55,0
0.000432071709839832,16.7188734087086,3.55,0
0.000432071709839832,16.7188867274621,3.55,0
0.000432071709839832,16.7189000466285,3.55,0
0.00087950929421865,16.7189133660336,3.55,0
0.00087950929421865,16.7189404793291,3.55,0
0.00087950929421865,16.7189675934844,3.55,0
0.00615539477116656,16.7189947085142,3.55,0
0.00615539477116656,16.7191845161029,3.55,0
0.00615539477116656,16.7193743685243,3.55,0
0.0190152024449954,16.7195642680773,3.55,0
0.000179387290954125,16.720151326988,3.55,0
0.000179387290954125,16.7201568658942,3.55,0
0.000179387290954125,16.7201624049391,3.55,0
0.000522642475056401,16.7201679440417,3.55,0
0.000522642475056401,16.7201840824762,3.55,0
0.000522642475056401,16.7202002212712,3.55,0
0.00175943527172606,16.7202163604322,3.55,0
0.00175943527172606,16.72027069541,3.55,0
0.00175943527172606,16.7203250345733,3.55,0
0.00634465881302049,16.7203793780354,3.55,0
0.00634465881302049,16.7205753959489,3.55,0
0.00634465881302049,16.7207714721434,3.55,0
0.0140166151924674,16.7209676092102,3.55,0
0.000297009457325359,16.7214011991295,3.55,0
0.000297009457325359,16.7214103878777,3.55,0
0.000297009457325359,16.7214195769105,3.55,0
0.000660542826633304,16.7214287661074,3.55,0
0.000660542826633304,16.7214492033406,3.55,0
0.000660542826633304,16.7214696412721,3.55,0
0.00236349329080987,16.7214900799121,3.55,0
0.00236349329080987,16.7215632197274,3.55,0
0.00236349329080987,16.7216363686846,3.55,0
0.00764779657644787,16.7217095270359,3.55,0
0.00764779657644787,16.7219463434143,3.55,0
0.00764779657644787,16.7221832621834,3.55,0
0.0144123378030923,16.7224202879664,3.55,0
0.000149374687703485,16.7228673335284,3.55,0
0.000149374687703485,16.7228719675032,3.55,0
0.000149374687703485,16.7228766016132,3.55,0
0.000490851775124312,16.7228812357808,3.55,0
0.000490851775124312,16.7228964642845,3.55,0
0.000490851775124312,16.7229116932516,3.55,0
0.00133910233795653,16.7229269226894,3.55,0
0.00133910233795653,16.7229684736027,3.55,0
0.00133910233795653,16.7230100280215,3.55,0
0.00512449474940979,16.7230515860183,3.55,0
0.00512449474940979,16.7232106681801,3.55,0
0.00512449474940979,16.723369804119,3.55,0
0.0100238582494132,16.7235289958981,3.55,0
0.000225530767847815,16.7238405906179,3.55,0
0.000225530767847815,16.7238476021264,3.55,0
0.000225530767847815,16.723854613858,3.55,0
0.00059550506420436,16.7238616257204,3.55,0
0.00059550506420436,16.7238801409904,3.55,0
0.00059550506420436,16.7238986570468,3.55,0
0.0027732883521896,16.7239171739014,3.55,0
0.0027732883521896,16.724003422957,3.55,0
0.0027732883521896,16.7240896894332,3.55,0
0.00619136676087528,16.7241759738414,3.55,0
0.000631449408048823,16.7243686876502,3.55,0
0.000631449408048823,16.7243883444271,3.55,0
0.000631449408048823,16.7244080023545,3.55,0
0.00126582313352408,16.7244276612793,3.55,0
0.00126582313352408,16.7244670737891,3.55,0
0.00126582313352408,16.7245064901888,3.55,0
0.010434241165358,16.7245459105409,3.55,0
0.010434241165358,16.724871003693,3.55,0
0.010434241165358,16.7251963777718,3.55,0
0.010434241165358,16.7255220481163,3.55,0
0.0185199683847532,16.7258480297325,3.55,0
0.00290385799059933,16.726427445656,3.55,0
0.00290385799059933,16.7265183920557,3.55,0
0.000164665925780128,16.7266093665012,3.55,0
0.000164665925780128,16.726614526133,3.55,0
0.000164665925780128,16.7266196858565,3.55,0
0.000164665925780128,16.7266248456709,3.55,0
0.000565128936463211,16.7266300055761,3.55,0
0.000565128936463211,16.7266477149196,3.55,0
0.000565128936463211,16.7266654253348,3.55,0
0.000565128936463211,16.7266831368243,3.55,0
0.00146272231424405,16.726700849391,3.55,0
0.00146272231424405,16.7267467021149,3.55,0
0.00146272231424405,16.7267925621606,3.55,0
0.00284721778165142,16.7268384295702,3.55,0
0.00284721778165142,16.726927737469,3.55,0
0.00284721778165142,16.7270170735846,3.55,0
0.00444451420187875,16.7271064385591,3.55,0
0.00444451420187875,16.7272460052363,3.55,0
0.00444451420187875,16.7273856443771,3.55,0
0.00586966146590129,16.7275253579749,3.55,0
0.00586966146590129,16.7277099994791,3.55,0
0.00586966146590129,16.7278947770377,3.55,0
0.00746113979620233,16.728079695105,3.55,0
0.000147765938528721,16.7283149784396,3.55,0
0.000147765938528721,16.7283196389463,3.55,0
0.000147765938528721,16.7283242996538,3.55,0
0.00038197657080552,16.7283289604716,3.55,0
0.00038197657080552,16.7283410093089,3.55,0
0.00038197657080552,16.7283530587646,3.55,0
0.000772255231652252,16.7283651088469,3.55,0
0.000772255231652252,16.7283894732875,3.55,0
0.000772255231652252,16.7284138402826,3.55,0
0.00124444655288514,16.7284382098695,3.55,0
0.00124444655288514,16.7284774864924,3.55,0
0.00124444655288514,16.7285167698806,3.55,0
0.00417415336267979,16.7285560601326,3.55,0
0.00417415336267979,16.7286878949996,3.55,0
0.00417415336267979,16.7288198071256,3.55,0
0.00417415336267979,16.7289517998088,3.55,0
0.0111522638749477,16.7290838755073,3.55,0
0.0111522638749477,16.7294371699968,3.55,0
0.0111522638749477,16.7297911127175,3.55,0
0.0111522638749477,16.7301457474128,3.55,0
0.0111522638749477,16.7305011218812,3.55,0
0.00581557015346945,16.7308572891649,3.55,0
0.00581557015346945,16.7310433521829,3.55,0
0.00581557015346945,16.7312296577007,3.55,0
0.00581557015346945,16.731416214435,3.55,0
0.00973573459140376,16.7316030322817,3.55,0
0.00192285861511188,16.7319164016023,3.55,0
0.000778914027112165,16.7319783865778,3.55,0
0.000778914027112165,16.7320035056124,3.55,0
0.000778914027112165,16.7320286307494,3.55,0
0.00132917773480834,16.7320537613948,3.55,0
0.00132917773480834,16.7320966604398,3.55,0
0.00132917773480834,16.7321395753296,3.55,0
0.00189896655976263,16.7321825063548,3.55,0
0.000191560202324581,16.7322438728231,3.55,0
0.000191560202324581,16.7322500640192,3.55,0
0.000191560202324581,16.7322562556279,3.55,0
0.000522603380117559,16.7322624475906,3.55,0
0.000522603380117559,16.7322793424566,3.55,0
0.000522603380117559,16.7322962398558,3.55,0
0.000958029313151698,16.732313139831,3.55,0
0.000958029313151698,16.7323441287485,3.55,0
0.000958029313151698,16.7323751263659,3.55,0
0.00131412819303378,16.7324061328297,3.55,0
0.00131412819303378,16.7324486804986,3.55,0
0.00131412819303378,16.7324912450583,3.55,0
0.00159731232851712,16.7325338267775,3.55,0
0.00159731232851712,16.7325856094935,3.55,0
0.00159731232851712,16.7326374181036,3.55,0
0.00223610313135758,16.7326892530321,3.55,0
8.82437868696684e-05,16.7327618677385,3.55,0
8.82437868696684e-05,16.7327647337256,3.55,0
8.82437868696684e-05,16.7327675998413,3.55,0
0.00034441090777193,16.7327704660466,3.55,0
0.00034441090777193,16.7327816538126,3.55,0
0.00034441090777193,16.7327928428173,3.55,0
0.000711604213682548,16.7328040330826,3.55,0
0.000711604213682548,16.7328271588241,3.55,0
0.000711604213682548,16.7328502899508,3.55,0
0.00101045394829491,16.7328734265518,3.55,0
0.00101045394829491,16.7329062903733,3.55,0
0.00101045394829491,16.7329391653481,3.55,0
0.00196166740980352,16.7329720516373,3.55,0
0.000980833704902651,16.7330359246689,3.55,0
0.000980833704902651,16.7330678783459,3.55,0
0.000980833704902651,16.7330998440206,3.55,0
0.00135840473508964,16.7331318209651,3.55,0
0.00135840473508964,16.7331761280649,3.55,0
0.00135840473508964,16.7332204568237,3.55,0
0.00178040721733552,16.7332648076124,3.55,0
0.000179726810605629,16.7333229734505,3.55,0
0.000179726810605629,16.7333288460347,3.55,0
0.000179726810605629,16.7333347190949,3.55,0
0.000477955314417855,16.7333405925631,3.55,0
0.000477955314417855,16.73335621467,3.55,0
0.000477955314417855,16.7333718395512,3.55,0
0.000845703518626451,16.7333874672535,3.55,0
0.000845703518626451,16.7334151275239,3.55,0
0.000845703518626451,16.7334427966745,3.55,0
0.00144708982562314,16.7334704748512,3.55,0
0.00144708982562314,16.7335178533973,3.55,0
0.00144708982562314,16.7335652573882,3.55,0
0.00144708982562314,16.7336126881799,3.55,0
0.000715646097862788,16.7336601464912,3.55,0
0.000214693829359902,16.7336836281876,3.55,0
0.000214693829359902,16.7336906737626,3.55,0
0.000214693829359902,16.7336977200286,3.55,0
0.000917151002649774,16.7337047669279,3.55,0
0.000917151002649774,16.7337348806765,3.55,0
0.000917151002649774,16.7337650057427,3.55,0
0.00124040183643714,16.7337951424021,3.55,0
0.00124040183643714,16.7338359213805,3.55,0
0.00124040183643714,16.7338767219639,3.55,0
0.00189333921466961,16.733917544522,3.55,0
0.000946669607333916,16.7339798922599,3.55,0
0.000946669607333916,16.7340110864121,3.55,0
0.000946669607333916,16.7340422949688,3.55,0
0.00149038531204404,16.7340735171173,3.55,0
0.000147043382389356,16.734122703419,3.55,0
0.000147043382389356,16.7341275569734,3.55,0
0.000147043382389356,16.7341324109266,3.55,0
0.000557662080131749,16.7341372652214,3.55,0
0.000557662080131749,16.7341556793747,3.55,0
0.000557662080131749,16.7341740982481,3.55,0
0.000988774150842531,16.7341925219389,3.55,0
0.000988774150842531,16.734225202721,3.55,0
0.000988774150842531,16.7342578988066,3.55,0
0.00171727186120307,16.7342906104858,3.55,0
0.000147509169437399,16.7343474678144,3.55,0
0.000147509169437399,16.7343523526099,3.55,0
0.000147509169437399,16.7343572378462,3.55,0
0.000499766459629569,16.7343621234522,3.55,0
0.000499766459629569,16.734378679729,3.55,0
0.000499766459629569,16.7343952400647,3.55,0
0.000941291999726701,16.7344118045389,3.55,0
0.000941291999726701,16.734443016888,3.55,0
0.000941291999726701,16.7344742440537,3.55,0
0.00165264587650249,16.7345054863258,3.55,0
0.00165264587650249,16.7345603709955,3.55,0
0.00165264587650249,16.734615300851,3.55,0
0.00165264587650249,16.7346702784591,3.55,0
0.00268121270697463,16.7347253053152,3.55,0
0.00268121270697463,16.734814687386,3.55,0
0.00268121270697463,16.7349042059206,3.55,0
0.00268121270697463,16.734993865108,3.55,0
0.00330569876491005,16.7350836694202,3.55,0
0.00330569876491005,16.7351945975951,3.55,0
0.000991709629472481,16.7353057630911,3.55,0
0.000991709629472481,16.7353391599031,3.55,0
0.000991709629472481,16.735372579303,3.55,0
0.000991709629472481,16.7354060215506,3.55,0
0.00214997463763922,16.7354394869226,3.55,0
0.00214997463763922,16.7355121193672,3.55,0
0.00214997463763922,16.7355848652086,3.55,0
0.00214997463763922,16.7356577277742,3.55,0
0.00270835806066394,16.7357307106413,3.55,0
0.00270835806066394,16.7358228259714,3.55,0
0.00270835806066394,16.7359151463381,3.55,0
0.00270835806066394,16.7360076803277,3.55,0
0.00270835806066394,16.7361004372415,3.55,0
0.00123108063076138,16.7361934271284,3.55,0
0.00123108063076138,16.7362357746584,3.55,0
0.00123108063076138,16.7362781736516,3.55,0
0.00123108063076138,16.7363206252118,3.55,0
0.00242447883028163,16.736363130483,3.55,0
0.00242447883028163,16.7364470016083,3.55,0
0.00242447883028163,16.7365310955207,3.55,0
0.00242447883028163,16.7366154231128,3.55,0
0.00242447883028163,16.7366999963032,3.55,0
0.00254222026567774,16.736784828167,3.55,0
0.00254222026567774,16.7368740734243,3.55,0
0.000762666079703322,16.7369636376409,3.55,0
0.000762666079703322,16.7369905720519,3.55,0
0.000762666079703322,16.7370175376667,3.55,0
0.000762666079703322,16.7370445351244,3.55,0
0.000762666079703322,16.7370715650811,3.55,0
0.00211285826359209,16.737098628228,3.55,0
0.00211285826359209,16.7371737825419,3.55,0
0.000633857479078515,16.7372492144312,3.55,0
0.000633857479078515,16.7372719008121,3.55,0
0.000633857479078515,16.7372946144701,3.55,0
0.000633857479078515,16.7373173560088,3.55,0
0.000633857479078515,16.7373401260495,3.55,0
0.00033311249586454,16.7373629252494,3.55,0
0.00033311249586454,16.7373749188817,3.55,0
0.00033311249586454,16.7373869208649,3.55,0
0.00033311249586454,16.7373989313076,3.55,0
0.00033311249586454,16.7374109503212,3.55,0
0.000991290657498922,16.7374229780205,3.55,0
0.000813402677151132,16.7374588231617,3.55,0
0.000813402677151132,16.7374882964469,3.55,0
0.000645025871769178,16.7375178264989,3.55,0
0.000645025871769178,16.7375412855361,3.55,0
0.000235415658416116,16.7375647828389,3.55,0
0.000235415658416116,16.7375733684458,3.55,0
0.000235415658416116,16.7375819593864,3.55,0
0.000235415658416116,16.7375905557282,3.55,0
0.000235415658416116,16.7375991575404,3.55,0
0.000176489305555805,16.7376077648944,3.55,0
0.000132427150083103,16.7376142214403,3.55,0
0.000100235501349744,16.7376190681428,3.55,0
6.95762079256923e-05,16.7376227378646,3.55,0
5.06958337442853e-05,16.7376252857315,3.55,0
1.52087501223974e-05,16.7376271425202,3.55,0
1.52087501223974e-05,16.7376276996092,3.55,0
1.52087501223974e-05,16.7376282567223,3.55,0
1.52087501223974e-05,16.7376288138596,3.55,0
1.24868110180643e-05,16.7376293710211,3.55,0
3.74604330488637e-06,16.7376298284846,3.55,0
3.74604330488637e-06,16.7376299657268,3.55,0
3.74604330488637e-06,16.7376301029704,3.55,0
3.74604330488637e-06,16.7376302402156,3.55,0
3.74604330488637e-06,16.7376303774622,3.55,0
1.57349877483171e-06,16.7376305147103,3.55,0
1.57349877483171e-06,16.7376305723608,3.55,0
1.2517111755983e-06,16.7376306300116,3.55,0
3.75513351968948e-07,16.7376306758728,3.55,0
3.75513351968948e-07,16.7376306896311,3.55,0
3.75513351968948e-07,16.7376307033895,3.55,0
3.75513351968948e-07,16.7376307171479,3.55,0
3.75513351968948e-07,16.7376307309063,3.55,0
1.12654005235413e-07,16.7376307446648,3.55,0
1.12654005235413e-07,16.7376307487923,3.55,0
1.12654005235413e-07,16.7376307529198,3.55,0
1.12654005235413e-07,16.7376307570474,3.55,0
3.37962013929882e-08,16.7376307611749,3.55,0
3.37962013929882e-08,16.7376307624132,3.55,0
3.37962013929882e-08,16.7376307636514,3.55,0
3.37962013929882e-08,16.7376307648897,3.55,0
1.01388604178965e-08,16.7376307661279,3.55,0
1.01388604178965e-08,16.7376307664994,3.55,0
3.04165759246189e-09,16.7376307668709,3.55,0
3.04165759246189e-09,16.7376307669823,3.55,0
3.04165759246189e-09,16.7376307670938,3.55,0
9.12496744831515e-10,16.7376307672052,3.55,0
9.12496744831515e-10,16.7376307672386,3.55,0
9.12496744831515e-10,16.7376307672721,3.55,0
2.73749023449454e-10,16.7376307673055,3.55,0
2.73749023449454e-10,16.7376307673155,3.55,0
2.73749023449454e-10,16.7376307673256,3.55,0
8.21245293991524e-11,16.7376307673356,3.55,0
8.21245293991524e-11,16.7376307673386,3.55,0
0,16.7376307673416,3.55,0
