2.52E-07,0,0.044091710758377,1
1.66E-07,4.27E-11,0.058212476212987,0
1.66E-07,9.39E-11,0.058219983773492,0
1.66E-07,1.67E-10,0.05822749475014,0
4.82E-07,2.63E-10,0.058235006223678,0
3.92E-07,6.53E-10,0.058256958651503,0
3.92E-07,1.10E-09,0.058274715107273,0
3.92E-07,1.67E-09,0.058292489813513,0
3.92E-07,2.37E-09,0.058310262305309,0
4.48E-07,3.19E-09,0.058328034064009,0
4.48E-07,4.27E-09,0.058348351395632,0
4.48E-07,5.52E-09,0.058368652629227,0
4.48E-07,6.92E-09,0.058388953521668,0
5.95E-07,8.49E-09,0.058409254058364,0
5.95E-07,1.08E-08,0.05843622634274,0
5.95E-07,1.34E-08,0.058463156658237,0
5.95E-07,1.63E-08,0.05849008631745,0
1.08E-06,1.95E-08,0.058517015321894,0
1.08E-06,2.60E-08,0.058565891644651,0
1.08E-06,3.34E-08,0.058614629913285,0
1.08E-06,4.17E-08,0.058663366029492,0
3.11E-06,5.09E-08,0.058712099985427,0
3.11E-06,8.53E-08,0.058852877858517,0
3.11E-06,1.27E-07,0.058993622661586,0
5.41E-06,1.77E-07,0.059134346771642,0
1.62E-06,2.86E-07,0.059379143805455,0
1.62E-06,3.21E-07,0.059452213662934,0
1.62E-06,3.58E-07,0.059525532612244,0
4.56E-06,3.98E-07,0.059598886100753,0
4.56E-06,5.25E-07,0.059805404892819,0
1.37E-06,6.67E-07,0.060011665612268,0
1.37E-06,7.12E-07,0.060073251786626,0
1.37E-06,7.59E-07,0.060135065720915,0
6.77E-06,8.07E-07,0.060196912012342,0
6.77E-06,1.08E-06,0.060503275293265,0
1.46E-07,1.38E-06,0.060809145274875,0
1.46E-07,1.39E-06,0.060815192018414,0
1.46E-07,1.39E-06,0.060821720197814,0
3.76E-07,1.40E-06,0.060828323506885,0
3.76E-07,1.42E-06,0.060845311334953,0
3.76E-07,1.44E-06,0.060862283712024,0
5.98E-07,1.45E-06,0.060879253420737,0
5.98E-07,1.48E-06,0.060906355910952,0
5.98E-07,1.51E-06,0.060933375114545,0
5.98E-07,1.54E-06,0.060960379518468,0
1.50E-06,1.57E-06,0.060987378150473,0
1.50E-06,1.64E-06,0.061055505546963,0
1.50E-06,1.72E-06,0.061123373645935,0
1.50E-06,1.80E-06,0.061191236893178,0
7.86E-06,1.88E-06,0.061259095333164,0
7.86E-06,2.33E-06,0.061615588415638,0
7.86E-06,2.83E-06,0.061970157805783,0
7.86E-06,3.37E-06,0.062324589523565,0
3.84E-05,3.97E-06,0.062678881247465,0
5.39E-07,7.59E-06,0.064417175608315,0
5.39E-07,7.65E-06,0.064430811533959,0
5.39E-07,7.71E-06,0.064455084941045,0
5.39E-07,7.77E-06,0.06447935732117,0
1.18E-06,7.83E-06,0.064503628875816,0
1.18E-06,7.96E-06,0.064556872363375,0
1.18E-06,8.10E-06,0.064609932521647,0
1.18E-06,8.23E-06,0.064662988900661,0
2.54E-06,8.37E-06,0.064716041565527,0
2.54E-06,8.66E-06,0.064830470892909,0
2.54E-06,8.96E-06,0.064944503109832,0
2.54E-06,9.27E-06,0.065058518855799,0
2.11E-05,9.58E-06,0.065172518086159,0
6.32E-06,1.25E-05,0.066119645862986,0
6.32E-06,1.34E-05,0.066402144741857,0
6.32E-06,1.43E-05,0.066685457113641,0
1.82E-05,1.53E-05,0.066968803700986,0
5.46E-06,1.83E-05,0.06778511280739,0
5.46E-06,1.93E-05,0.06802860397031,0
5.46E-06,2.02E-05,0.068272809655618,0
2.91E-05,2.12E-05,0.068517053447503,0
8.74E-06,2.71E-05,0.069820471755901,0
8.74E-06,2.89E-05,0.070209031058453,0
8.74E-06,3.08E-05,0.070598575690922,0
2.48E-05,3.28E-05,0.070988069777842,0
7.45E-06,3.88E-05,0.072094848832082,0
7.45E-06,4.07E-05,0.072424852482012,0
7.45E-06,4.26E-05,0.072755758675249,0
4.45E-05,4.46E-05,0.073086646852721,0
1.09E-05,5.76E-05,0.075062011708681,0
1.09E-05,6.09E-05,0.075539873518288,0
1.09E-05,6.43E-05,0.076019334294855,0
2.81E-05,6.78E-05,0.076498674432937,0
8.44E-06,7.75E-05,0.077740141689028,0
8.44E-06,8.04E-05,0.07811016567627,0
8.44E-06,8.34E-05,0.07848114860291,0
4.70E-05,8.65E-05,0.078852043221963,0
1.41E-05,0.000105187623776,0.080914194737443,0
1.41E-05,0.00011098804667,0.081528017814966,0
1.41E-05,0.000116951363756,0.082142945205467,0
5.75E-05,0.000123071372664,0.082757324462224,0
1.72E-05,0.00015031190927,0.085256704873092,0
1.72E-05,0.000158786757423,0.086000020932366,0
1.72E-05,0.000167504669859,0.08674437508174,0
5.86E-05,0.000176456202334,0.087487715830443,0
1.76E-05,0.000209269926422,0.090006707983144,0
1.76E-05,0.000219428490129,0.090755519457645,0
1.76E-05,0.000229838930559,0.091505271943741,0
5.97E-05,0.00024049133574,0.092253856779969,0
5.97E-05,0.00027911336975,0.094785876990985,0
5.97E-05,0.000320444288881,0.097296269152302,0
0.000102699734749,0.000364517617197,0.099786996298375,0
0.000102699734749,0.000445818337357,0.104042851095427,0
3.08E-05,0.000534758852401,0.108224589318907,0
3.08E-05,0.000562965765814,0.109448008963753,0
3.08E-05,0.000591899457192,0.110684085997054,0
3.08E-05,0.000621557989434,0.111914563050152,0
0.000115045086433,0.000651939439685,0.11313941468247,0
0.000115045086433,0.00077174780265,0.117685413493662,0
0.000115045086433,0.000901569387702,0.122128986662889,0
0.000115045086433,0.001041359260334,0.126492668856783,0
0.000453253538727,0.001191071565106,0.130776907416386,0
0.000453253538727,0.001876602674006,0.14699449894917,0
0.000453253538727,0.002712702043901,0.16201919966155,0
0.000453253538727,0.003696652888938,0.176095954823543,0
0.000453253538727,0.004825793815723,0.189387466300626,0
0.000666101336429,0.006097516284997,0.202041709360575,0
0.000666101336429,0.008219830204353,0.219786847964725,0
0.000666101336429,0.010636612956188,0.236665432160343,0
0.000666101336429,0.01334011576454,0.252933113032415,0
0.000666101336429,0.016322800166612,0.268725152735517,0
0.001299148891381,0.019577327687991,0.284130611741905,0
0.001299148891381,0.026680344524189,0.31340170234914,0
0.001299148891381,0.034739492724856,0.341541594025659,0
0.001299148891381,0.043706232952503,0.368827161616934,0
0.001299148891381,0.053534597319135,0.395342074190984,0
0.002133066752594,0.064180984744133,0.42114404449463,0
0.002133066752594,0.083328500769449,0.462210707605133,0
0.002133066752594,0.104399309003796,0.501515022018364,0
0.002133066752594,0.127235536209964,0.539352392524345,0
0.002133066752594,0.15169280858992,0.575858442093372,0
0.004470575698198,0.17763872508394,0.611151597643508,0
0.004470575698198,0.236335151771822,0.681832694635147,0
0.004470575698198,0.300064695787406,0.748162697735715,0
0.002563397695855,0.36799403560841,0.811102267599683,0
0.000345792157469,0.408558395445052,0.845783760539224,0
0.000300750228601,0.414112563151353,0.850280486498783,0
0.000300750228601,0.418958720636863,0.85427729890626,0
0.000300750228601,0.42381893408815,0.858253710482556,0
0.000300750228601,0.42869297446212,0.862207260637689,0
0.001173118126182,0.433580659698008,0.866138278884409,0
0.001173118126182,0.452834756414158,0.881167859913681,0
0.001173118126182,0.472277530849178,0.895886738179544,0
0.003486025610946,0.49190174773706,0.910314909867471,0
0.003486025610946,0.551104309336419,0.951933471522027,0
0.003486025610946,0.611625764759065,0.99142732272822,0
0.003486025610946,0.673335029391423,1.02918125014894,0
0.008880837814465,0.736089149737905,1.06546776927766,0
0.008880837814465,0.899856578969213,1.15277600843331,0
0.008880837814465,1.06780802943428,1.23464698982253,0
0.008880837814465,1.23863430085313,1.31311002175035,0
0.008880837814465,1.41146341201648,1.38926626324753,0
0.011606576832078,1.58570982264528,1.46382374246103,0
0.011606576832078,1.81488305970005,1.5596868361923,0
0.011606576832078,2.04515355858372,1.65441110824567,0
0.011606576832078,2.27612542458997,1.74852274687164,0
0.011606576832078,2.50753460493945,1.84235906188468,0
0.011606576832078,2.73921224840649,1.93613505195774,0
0.026230837769402,2.97105713976622,2.02998856889303,0
0.011059803623606,3.4953990450219,2.24278267973769,0
0.002821194098238,3.71651875775953,2.33296847113058,0
0.000998597534065,3.77292783163083,2.3560191608466,0
0.000998597534065,3.79289532528048,2.36418224582105,0
0.000998597534065,3.81293288537115,2.37975565022704,0
0.000998597534065,3.83315355658081,2.3989498375641,0
0.000998597534065,3.85363912015613,2.41821674586386,0
0.001298043207586,3.87441291918083,2.43672925830281,0
0.001298043207586,3.90182701146637,2.4606231729644,0
0.001298043207586,3.92968385970543,2.48443080261813,0
0.001298043207586,3.95796546406884,2.50850450009737,0
0.001298043207586,3.98666432729444,2.53284868270264,0
0.005162206263721,4.01577658363102,2.55737868511429,0
0.005162206263721,4.13545320210672,2.6563081649672,0
0.005162206263721,4.26112713156069,2.75722934304314,0
0.005162206263721,4.39240130607503,2.85995710757453,0
0.011804059314722,4.52888737459144,2.96426349782278,0
0.011804059314722,4.85876973834818,3.20792036688827,0
0.011804059314722,5.21023827886051,3.45686968326904,0
0.011804059314722,5.57995421085584,3.70995640911906,0
0.011804059314722,5.96513865986252,3.96632807364661,0
0.025247253710708,6.36346199776299,4.22544922970673,0
0.016375218783095,7.25122289133316,4.78775392740083,0
0.002198766894117,7.84682493795694,5.15723331268484,0
0.000782184129457,7.92775059724879,5.20723364918783,0
0.000782184129457,7.95659502256779,5.22513786560519,0
0.000782184129457,7.98546682265531,5.24310802744412,0
0.000782184129457,8.01436477055607,5.2611322985248,0
0.000782184129457,8.04328837381351,5.2792073475304,0
0.002489611147355,8.07223744067203,5.29733172933135,0
0.002489611147355,8.16454498887433,5.35535091981511,0
0.002489611147355,8.25709964745041,5.4138405850151,0
0.002489611147355,8.34989333508118,5.47279158377915,0
0.013028279574322,8.44291792201812,5.53218661101212,0
0.001634392846252,8.93320267470303,5.84976933621479,0
0.001350007272326,8.99508654051538,5.89028589024675,0
0.001350007272326,9.04603896633167,5.90782887021821,0
0.001350007272326,9.09644625554051,5.91847869844964,0
0.001350007272326,9.1461278968384,5.92787502474569,0
0.001350007272326,9.19502568134597,5.93709948289992,0
0.00347620231175,9.24313679947754,5.94613774819357,0
0.00347620231175,9.36202618770604,5.96726800955339,0
0.00347620231175,9.47619209385758,5.98617701043771,0
0.009173745236197,9.58586043520246,6.0030003833794,0
0.009173745236197,9.85746070372034,6.03899992595765,0
0.009173745236197,10.103146327723,6.06381517526882,0
0.009173745236197,10.3251628422351,6.07858257581313,0
0.014244812176445,10.5260829402003,6.08481043489147,0
0.014244812176445,10.8016642695702,6.08051874055852,0
0.014244812176445,11.0402415771779,6.06356943418285,0
0.014244812176445,11.2487445935685,6.03748469061286,0
0.014244812176445,11.4326795087022,6.00504342157759,0
0.019915272069057,11.5964370953445,5.96835152972078,0
0.019915272069057,11.7980762890562,5.91283964963121,0
0.019915272069057,11.975062741774,5.85562913842356,0
0.019915272069057,12.1334204310077,5.79899606834317,0
0.019915272069057,12.2776335275492,5.74444975855603,0
0.024287053383393,12.4110855038083,5.69294836878262,0
0.024287053383393,12.5628999106663,5.63506313744109,0
0.024287053383393,12.7060334410196,5.58315521171866,0
0.024287053383393,12.8429963864158,5.53736739172264,0
0.024287053383393,12.9755415498921,5.49758265223338,0
0.033751833874668,13.1049158815463,5.46354082429439,0
0.033751833874668,13.281022339402,5.4251404324014,0
0.004152636410681,13.4543928064501,5.39624260570771,0
0.004152636410681,13.4756051723779,5.39330002442601,0
0.003376314264348,13.4967870905176,5.39047804976245,0
0.000649170256429,13.5139895795263,5.38827536209038,0
9.14E-05,13.5172954612529,5.38786286450571,0
7.00E-05,13.517760783313,5.38780736834081,0
7.00E-05,13.5181172586436,5.3877675938208,0
7.00E-05,13.5184737277115,5.38773053707763,0
7.00E-05,13.5188301904723,5.38769609565045,0
7.00E-05,13.5191866469658,5.38766414767963,0
0.00034162164401,13.5195430972236,5.38763463547276,0
0.00034162164401,13.5212824163887,5.38752407996013,0
0.00034162164401,13.5230215878598,5.38746720533225,0
0.00034162164401,13.5247606122922,5.38746072737406,0
0.001080228141642,13.5264994903777,5.38750152046827,0
0.000107558297964,13.5319969751339,5.38790047396977,0
0.000107558297964,13.5325442803139,5.38796163960073,0
0.000107558297964,13.5330915713301,5.38802317427544,0
0.000107558297964,13.5336388481802,5.38808479420082,0
0.000849879579735,13.5341861108745,5.3881464348833,0
0.000849879579735,13.5385095613444,5.38863533610684,0
0.000849879579735,13.5428321601282,5.38912634784587,0
0.008498795797355,13.5471539052914,5.38961951937316,0
0.008498795797355,13.5903046075206,5.39473622643215,0
0.008498795797355,13.6333863421328,5.40006119700312,0
0.030359874040806,13.6764050417887,5.40559792400183,0
0.030359874040806,13.8295609795857,5.42771619412535,0
0.030359874040806,13.982301259637,5.4522921076532,0
0.056805064323877,14.1347467393532,5.47921258151515,0
0.056805064323877,14.4195461808542,5.53455854893786,0
0.056805064323877,14.7039378822061,5.5964547051107,0
0.056805064323877,14.9881193159021,5.6643797078725,0
0.104994595140074,15.2722069110297,5.737676851016,0
0.104994595140074,15.7971908392963,5.88534849005753,0
0.104994595140074,16.322177874519,6.04602364043272,0
0.104994595140074,16.8471710977374,6.21710066482982,0
0.104994595140074,17.3721503582325,6.39672082568371,0
0.202613736173489,17.8971191118108,6.58356300545043,0
0.101705701733516,18.910181749828,6.96121127175495,0
0,19.418711385228,7.15625543486029,0
3.80E-08,19.418711385228,7.15625543486029,0
3.80E-08,19.418711575364,7.15624994946161,0
3.80E-08,19.4187117654999,7.15624446407106,0
2.35E-07,19.4187119556359,7.15623897868883,0
2.35E-07,19.4187131310371,7.15620506878731,0
1.78E-07,19.4187143064381,7.15617115919968,0
1.78E-07,19.4187151985593,7.15614542226468,0
1.36E-07,19.4187160906804,7.15611968551327,0
1.36E-07,19.4187167708635,7.15610006306529,0
1.36E-07,19.4187174510465,7.15608044072411,0
1.04E-07,19.4187181312293,7.1560608184897,0
1.04E-07,19.4187186529921,7.15604576649768,0
1.04E-07,19.4187191747548,7.15603071456849,0
8.07E-08,19.4187196965173,7.15601566270212,0
8.07E-08,19.4187201001535,7.15600401859886,0
8.07E-08,19.4187205037896,7.15599237453319,0
6.13E-08,19.4187209074256,7.15598073050512,0
6.13E-08,19.4187212136787,7.15597189578388,0
4.97E-08,19.4187215199319,7.15596306108428,0
4.97E-08,19.4187217684159,7.15595589290654,0
3.80E-08,19.4187220168998,7.15594872474305,0
3.13E-08,19.4187222067341,7.15594324848832,0
2.49E-08,19.418722363461,7.15593872730879,0
2.49E-08,19.4187224881599,7.15593513005937,0
2.49E-08,19.4187226128588,7.15593153281354,0
2.49E-08,19.4187227375577,7.1559279355713,0
5.54E-08,19.4187228622565,7.15592433833264,0
5.54E-08,19.4187231391133,7.15591635174635,0
5.54E-08,19.4187234159699,7.15590836517775,0
5.54E-08,19.4187236928266,7.15590037862684,0
4.54E-08,19.4187239696831,7.15589239209361,0
4.54E-08,19.4187241966715,7.15588584412781,0
4.54E-08,19.4187244236599,7.15587929617389,0
4.54E-08,19.4187246506482,7.15587274823187,0
4.54E-08,19.4187248776365,7.15586620030173,0
4.54E-08,19.4187251046247,7.15585965238349,0
4.80E-08,19.4187253316129,7.15585310447713,0
4.80E-08,19.4187255715433,7.15584618324041,0
4.80E-08,19.4187258114736,7.15583926201698,0
4.80E-08,19.4187260514038,7.15583234080683,0
4.80E-08,19.418726291334,7.15582541960997,0
1.11E-07,19.4187265312641,7.15581849842639,0
1.11E-07,19.4187270880671,7.1558024365628,0
1.11E-07,19.4187276448698,7.15578637477075,0
1.11E-07,19.4187282016721,7.15577031305025,0
1.11E-07,19.4187287584741,7.1557542514013,0
1.11E-07,19.4187293152757,7.15573818982389,0
2.24E-07,19.418729872077,7.15572212831803,0
2.24E-07,19.4187309925574,7.1556898070877,0
2.24E-07,19.4187321130361,7.1556574861471,0
2.24E-07,19.4187332335131,7.15562516549622,0
2.24E-07,19.4187343539883,7.15559284513506,0
2.24E-07,19.4187354744615,7.15556052506361,0
2.24E-07,19.4187365949326,7.15552820528188,0
2.24E-07,19.4187377154016,7.15549588578985,0
2.24E-07,19.4187388358684,7.15546356658754,0
2.24E-07,19.4187399563328,7.15543124767493,0
2.24E-07,19.4187410767949,7.15539892905202,0
2.36E-07,19.4187421972544,7.15536661071881,0
2.36E-07,19.4187433781191,7.15533255029965,0
2.36E-07,19.4187445589808,7.15529849020227,0
2.36E-07,19.4187457398394,7.15526443042665,0
2.36E-07,19.4187469206948,7.1552303709728,0
2.36E-07,19.4187481015468,7.15519631184072,0
3.43E-07,19.4187492823953,7.15516225303039,0
3.43E-07,19.4187509960246,7.15511282779632,0
3.43E-07,19.418752709646,7.15506340323984,0
3.43E-07,19.4187544232592,7.15501397936096,0
3.43E-07,19.4187561368639,7.15496455615965,0
3.43E-07,19.4187578504597,7.15491513363591,0
4.39E-07,19.4187595640464,7.15486571178974,0
3.15E-07,19.4187617593862,7.154802396202,0
3.15E-07,19.4187633346425,7.1547569647793,0
9.81E-08,19.4187649098902,7.15471153392917,0
9.81E-08,19.4187654003691,7.15469738835931,0
9.81E-08,19.4187658908472,7.15468324284496,0
9.81E-08,19.4187663813245,7.15466909738611,0
9.81E-08,19.4187668718008,7.15465495198278,0
9.81E-08,19.4187673622762,7.15464080663495,0
2.64E-07,19.4187678527507,7.15462666134264,0
2.64E-07,19.418769174041,7.15458855545559,0
2.64E-07,19.4187704953245,7.15455044997137,0
2.64E-07,19.4187718166011,7.15451234488998,0
2.64E-07,19.4187731378705,7.15447424021142,0
4.92E-07,19.4187744591327,7.15443613593567,0
4.92E-07,19.418776920113,7.15436516348727,0
4.92E-07,19.4187793810666,7.15429419243634,0
4.92E-07,19.4187818419925,7.15422322278285,0
4.92E-07,19.4187843028897,7.15415225452677,0
7.55E-07,19.4187867637572,7.15408128766809,0
7.55E-07,19.4187905398632,7.15397239275429,0
7.55E-07,19.4187943158935,7.15386350113068,0
7.55E-07,19.4187980918444,7.15375461279715,0
7.55E-07,19.4188018677124,7.15364572775362,0
1.03E-06,19.4188056434939,7.15353684599997,0
1.03E-06,19.4188108093379,7.15338788028743,0
1.03E-06,19.4188159750043,7.15323892073294,0
1.03E-06,19.4188211404842,7.15308996733626,0
1.03E-06,19.4188263057684,7.15294102009712,0
1.38E-06,19.418831470848,7.15279207901528,0
1.38E-06,19.4188383634028,7.15259332404166,0
1.38E-06,19.4188452555553,7.15239458003273,0
1.38E-06,19.4188521472848,7.15219584698788,0
1.84E-06,19.4188590385702,7.15199712490654,0
1.84E-06,19.4188682308978,7.15173204445457,0
1.84E-06,19.4188774223494,7.15146698351063,0
1.84E-06,19.4188866128739,7.15120194207325,0
1.84E-06,19.4188958024211,7.15093692014096,0
2.24E-06,19.4189049909413,7.15067191771232,0
2.24E-06,19.4189161956093,7.15034875263269,0
2.24E-06,19.4189273985881,7.15002561655755,0
2.24E-06,19.4189385997893,7.14970250948431,0
2.24E-06,19.4189497991249,7.14937943141035,0
2.24E-06,19.4189609965071,7.14905638233308,0
3.43E-06,19.4189721918488,7.1487333622499,0
3.43E-06,19.4189893031708,7.14823958445317,0
3.43E-06,19.4190064092122,7.1477458744071,0
3.43E-06,19.4190235096668,7.14725223210237,0
3.43E-06,19.4190406042306,7.1467586575297,0
3.43E-06,19.4190576926015,7.14626515067979,0
5.12E-06,19.4190747744799,7.14577171154335,0
5.12E-06,19.419100259529,7.14503529095389,0
5.12E-06,19.4191257284684,7.14429902118469,0
5.12E-06,19.4191511803276,7.14356290220489,0
5.12E-06,19.4191766141464,7.14282693398359,0
5.12E-06,19.4192020289745,7.14209111648993,0
9.27E-06,19.4192274238722,7.14135544969302,0
9.27E-06,19.4192733375402,7.14002420122925,0
9.27E-06,19.4193191774365,7.13869344623445,0
9.27E-06,19.4193649382279,7.1373631845257,0
9.27E-06,19.4194106146884,7.13603341592015,0
2.12E-05,19.4194562016944,7.13470414023501,0
2.12E-05,19.41955997434,7.13166951385369,0
2.12E-05,19.4196631962248,7.12863745643124,0
2.12E-05,19.4197658117342,7.12560796579284,0
2.12E-05,19.4198677678139,7.12258103976556,0
7.19E-05,19.4199690137992,7.11955667617834,0
7.19E-05,19.4203065326819,7.10930922796814,0
7.19E-05,19.4206336374463,7.09909119555808,0
7.19E-05,19.420948919958,7.08890249743361,0
0.000146120659115,19.4212511205057,7.07874304940282,0
0.000146120659115,19.4218212762624,7.0581783024899,0
0.000146120659115,19.4223263372808,7.03773341437325,0
0.000146120659115,19.4227617566874,7.01740767824232,0
0.000146120659115,19.4231253804991,6.99720039545917,0
0.000255956226733,19.4234170713448,6.97711087524771,0
0.000163601945647,19.4237612905989,6.9422022705383,0
0.000143065101989,19.4238755384031,6.92007591259741,0
4.10E-05,19.4239138506438,6.90084533363938,0
4.10E-05,19.4239146238924,6.89535961916929,0
4.10E-05,19.4239110879063,6.88988287805455,0
4.10E-05,19.4239032664546,6.88441510015366,0
0.000109336374297,19.4238911931415,6.87895627295852,0
0.000109336374297,19.4238384007921,6.86442901668772,0
0.000109336374297,19.4237560600898,6.84996516079804,0
0.000109336374297,19.4236443945611,6.83556442627831,0
0.000109336374297,19.4235033045122,6.82122653514094,0
0.00022218755106,19.4233324102909,6.80695121254015,0
0.00022218755106,19.4228905111626,6.77813330342286,0
0.00022218755106,19.4223165554589,6.74957037903432,0
0.00022218755106,19.4216032399064,6.72126018277798,0
0.00022218755106,19.4207434884264,6.69320047845818,0
0.000169997778,19.4197315650863,6.66538904981856,0
2.80E-05,19.4188519632618,6.64427654440605,0
2.80E-05,19.4186984146906,6.64081721501532,0
2.80E-05,19.418542370059,6.63736175316405,0
2.80E-05,19.4183838224696,6.63391015448016,0
2.80E-05,19.4182227658062,6.63046241460581,0
5.11E-05,19.4180591968881,6.62701852921693,0
5.11E-05,19.4177535773163,6.62073068943501,0
5.11E-05,19.4174395450488,6.61445569809128,0
5.11E-05,19.4171170954895,6.60819352963605,0
8.38E-05,19.416786226657,6.60194415791275,0
8.38E-05,19.4162260641015,6.59173497677732,0
8.38E-05,19.4156433376756,6.58155994594093,0
8.38E-05,19.4150380837993,6.5714189526477,0
0.000294969584242,19.4144103540842,6.56131188280205,0
0.000294969584242,19.4120221824958,6.52599082103829,0
0.000213813975922,19.4093600363772,6.49108408606226,0
0.000213813975922,19.4072617053945,6.46603755313418,0
0.000213813975922,19.4050240761128,6.4412043171003,0
0.000213813975922,19.4026493523376,6.41658256228816,0
0.000213813975922,19.4001397505329,6.39217048855595,0
0.0007728680922,19.3974975081154,6.3679663104469,0
0.0007728680922,19.3868753685343,6.28218267687938,0
0.0007728680922,19.3746542366896,6.19901057510087,0
0.0007728680922,19.3609359002678,6.11837035851102,0
0.0007728680922,19.3458175522004,6.04018491500821,0
0.001292139731791,19.3293914674681,5.96437954133075,0
0.001292139731791,19.2992467257783,5.8427610354804,0
0.001292139731791,19.2660747740931,5.72726857431974,0
0.001292139731791,19.2302289055745,5.61759374177287,0
0.001292139731791,19.1920339692721,5.51344356273087,0
0.001292139731791,19.1517882525251,5.41453972722368,0
0.002400105922737,19.109765333545,5.32061793209973,0
0.002400105922737,19.0278349019072,5.15853482893145,0
0.002400105922737,18.9420427796848,5.01128803983084,0
0.002400105922737,18.8535867910987,4.87752026798741,0
0.002400105922737,18.7634781329908,4.75599800362432,0
0.002400105922737,18.6725679082513,4.6456001371693,0
0.003203441031851,18.5815687408936,4.54530812998837,0
0.003203441031851,18.4609895230434,4.4256012486792,0
0.003203441031851,18.3424315619435,4.32029033038364,0
0.003203441031851,18.2267610385958,4.22764566987628,0
0.003203441031851,18.1146324874577,4.14614420799191,0
0.003203441031851,18.0065262237827,4.07444522180811,0
0.003203441031851,17.9027783596277,4.01136940562844,0
0.003387113850582,17.8036074803643,3.95587968492923,0
0.003387113850582,17.7038596355779,3.90445807875534,0
0.003387113850582,17.6094211442681,3.8595558906906,0
0.003387113850582,17.5202759543522,3.82034276903401,0
0.003387113850582,17.4363465808367,3.78609642236319,0
0.005010481749789,17.3575091425363,3.7561878533879,0
0.005010481749789,17.2497944561669,3.71855567529615,0
0.005010481749789,17.152241612238,3.6877526888467,0
0.005010481749789,17.0642095382856,3.6625768690798,0
0.007094481123732,16.9850118840959,3.6420054578257,0
0.007094481123732,16.8864569875064,3.6189886599148,0
0.007094481123732,16.802285868203,3.60172202463837,0
0.007094481123732,16.7306938233553,3.58878633301315,0
0.008037289700467,16.6699956329326,3.57909176693513,0
0.008037289700467,16.6123977516507,3.57097166398258,0
0.008037289700467,16.5648773774157,3.5651180969433,0
0.008037289700467,16.5257146845014,3.56090064442663,0
0.011196953863961,16.4934020492022,3.5578609393477,0
0.011196953863961,16.4575583977567,3.55502722225807,0
0.011196953863961,16.429732507096,3.5532346244073,0
0.009309132432761,16.4077238434976,3.55208005535871,0
0.009309132432761,16.3927386011222,3.55143069725551,0
0.009309132432761,16.3801683505325,3.55098280827753,0
0.009309132432761,16.3695884491696,3.55067702624702,0
0.009309132432761,16.3606562402591,3.55046773878369,0
0.009519091700623,16.3530965679726,3.55032332973011,0
0.009519091700623,16.3465575909984,3.55022144381006,0
0.009519091700623,16.3410349929949,3.55015147747025,0
0.009519091700623,16.3363736393154,3.5501035830126,0
0.009519091700623,16.3324443073614,3.55007086500202,0
0.002997457629005,16.3291383188147,3.55004850703724,0
0.002224864092761,16.3282112544721,3.55004305873361,0
0.002224864092761,16.3275554913303,3.55003939927657,0
0.002224864092761,16.3269262461925,3.55003604401516,0
0.002224864092761,16.3263225900664,3.55003297353653,0
0.002224864092761,16.3257436148076,3.55003016556687,0
0.004927573916152,16.3251884183363,3.55002759734254,0
0.001820394196117,16.3240393459288,3.55002266475389,0
0.001820394196117,16.3236415047934,3.55002107291691,0
0.001820394196117,16.3232573723957,3.55001959279808,0
0.001820394196117,16.3228865525493,3.55001821680452,0
0.001820394196117,16.3225286733941,3.55001693754766,0
0.002836180623058,16.3221833477807,3.55001574813533,0
0.002836180623058,16.3216692616715,3.55001405629056,0
0.002836180623058,16.3211833926436,3.55001254562467,0
0.002836180623058,16.320724528912,3.55001119729498,0
0.009374879344006,16.3202914584087,3.55000999392677,0
0.009374879344006,16.3190240599803,3.55000680842427,0
0.009374879344006,16.3179887949154,3.55000462750168,0
0.009374879344006,16.3171542160761,3.55000314742837,0
0.017008708997242,16.3164919924416,3.55000214325728,0
0.013465684943336,16.3156590066387,3.55000111519309,0
0.013465684943336,16.3152665877252,3.5500006626109,0
0.009892913305058,16.3150591126292,3.55000038615873,0
0.009892913305058,16.3150026817288,3.55000025542152,0
0.009892913305058,16.3150148571167,3.55000017011456,0
0.009892913305058,16.3150855963988,3.55000011484628,0
0.009892913305058,16.3152061287358,3.55000007803027,0
0.024332592821135,16.3153689926284,3.55000005285053,0
0.024332592821135,16.3159112801657,3.55000001481659,0
0.024332592821135,16.3166015655934,3.54999999879085,0
0.024332592821135,16.3173924594863,3.54999999751128,0
0.024332592821135,16.3182513965686,3.55000000064422,0
0.024332592821135,16.3191556775174,3.55000000136035,0
0.031030344514445,16.3200899526306,3.55000000005596,0
0.031030344514445,16.3213090780397,3.54999999870102,0
0.031030344514445,16.3225477789764,3.54999999937664,0
0.031030344514445,16.3237982309355,3.55000000036836,0
0.031030344514445,16.3250552907715,3.55000000037507,0
0.031030344514445,16.3263157202225,3.5499999999296,0
0.055472085661357,16.327577700308,3.5499999998127,0
0.055472085661357,16.3298342857453,3.54999999991455,0
0.055472085661357,16.3320899761689,3.55000000015621,0
0.055472085661357,16.3343436727391,3.5500000000921,0
0.055472085661357,16.3365943979754,3.54999999994761,0
0.055472085661357,16.3388416402255,3.54999999995381,0
0.128663535484529,16.3410854288534,3.55000000001964,0
0.128663535484529,16.3462764876122,3.55000000021248,0
0.128663535484529,16.3514503146209,3.5500000000382,0
0.128663535484529,16.3566065819296,3.54999999991747,0
0.128663535484529,16.3617445336131,3.54999999999161,0
0.128663535484529,16.3668643916374,3.5500000000304,0
0.285169765302008,16.3719667145286,3.54999999999701,0
0.285169765302008,16.3832129179924,3.54999999999162,0
0.285169765302008,16.3943735253384,3.54999999999869,0
0.285169765302008,16.4054488217596,3.5500000000012,0
0.234732532189531,16.4164427491181,3.55000000000001,0
0.08681605604688,16.4254299968167,3.5499999999998,0
0.071682178038647,16.4287387208945,3.55000000000002,0
0.058888070593396,16.4314640356026,3.55000000000002,0
0.058888070593396,16.4336985024966,3.54999999999999,0
0.058888070593396,16.4359290790449,3.54999999999999,0
0.058888070593396,16.4381558572072,3.55,0
0.058888070593396,16.4403789041093,3.55,0
0.125326541005742,16.4425982687679,3.55,0
0.125326541005742,16.4473095095194,3.55,0
0.125326541005742,16.4520045636467,3.55,0
0.125326541005742,16.4566836616515,3.55,0
0.584423124228778,16.4613469783545,3.55,0
0.584423124228778,16.4828910438193,3.55,0
0.584423124228778,16.5041064290571,3.55,0
0.584423124228779,16.5250041349989,3.55,0
0.112963406278968,16.5455975757124,3.55,0
0.050775773741561,16.5495436416597,3.55,0
0.023001708188973,16.5513135352565,3.55,0
0.005285675749862,16.5521145156462,3.55,0
0.000786486958262,16.5522985080525,3.55,0
0.000786486958262,16.5523258832226,3.55,0
0.000786486958262,16.5523532578362,3.55,0
0.000786486958262,16.5523806318904,3.55,0
0.000786486958262,16.552408005386,3.55,0
0.00100871350152,16.5524353783275,3.55,0
0.00100871350152,16.5524704848635,3.55,0
0.00100871350152,16.5525055905375,3.55,0
0.00100871350152,16.5525406953955,3.55,0
0.005158902488365,16.5525757995006,3.55,0
0.005158902488365,16.5527553334956,3.55,0
0.005158902488365,16.5529348964768,3.55,0
0.009701826903976,16.5531145291534,3.55,0
0.009701826903976,16.553452662012,3.55,0
0.009701826903976,16.5537914635842,3.55,0
0.009701826903976,16.5541312875276,3.55,0
0.017204858461954,16.5544724879481,3.55,0
0.017204858461954,16.5550818258619,3.55,0
0.017204858461954,16.5556977797692,3.55,0
0.017204858461954,16.5563211376768,3.55,0
0.017204858461954,16.5569520579604,3.55,0
0.029872820097275,16.5575902168832,3.55,0
0.029872820097275,16.5587135057554,3.55,0
0.029872820097275,16.5598530231911,3.55,0
0.029872820097275,16.5610048256193,3.55,0
0.029872820097275,16.5621653816658,3.55,0
0.059480407383138,16.5633319204668,3.55,0
0.059480407383138,16.5656655779624,3.55,0
0.059480407383138,16.5680046362045,3.55,0
0.035393258434732,16.5703431285418,3.55,0
0.004438120553328,16.5717329551331,3.55,0
0.001626295577207,16.5719071403126,3.55,0
0.001332052698805,16.5719709650547,3.55,0
0.001332052698805,16.5720232400122,3.55,0
0.001332052698805,16.572075513423,3.55,0
0.001332052698805,16.572127786403,3.55,0
0.001332052698805,16.5721800605598,3.55,0
0.002316282846396,16.5722323377833,3.55,0
0.002316282846396,16.5723232569641,3.55,0
0.002316282846396,16.5724142037687,3.55,0
0.002316282846396,16.5725051899536,3.55,0
0.007781378921814,16.57259622767,3.55,0
0.007781378921814,16.5729026442895,3.55,0
0.007781378921814,16.5732101577318,3.55,0
0.007781378921814,16.5735190582151,3.55,0
0.015846223458683,16.5738295596595,3.55,0
0.015846223458683,16.574467288803,3.55,0
0.015846223458683,16.5751122604043,3.55,0
0.015846223458683,16.5757641362539,3.55,0
0.026725474872036,16.5764222186088,3.55,0
0.026725474872036,16.5775432599677,3.55,0
0.026725474872036,16.5786753198679,3.55,0
0.026725474872036,16.5798148481867,3.55,0
0.046557310342427,16.5809589157572,3.55,0
0.046557310342427,16.582955629382,3.55,0
0.046557310342427,16.584952110716,3.55,0
0.046557310342427,16.5869433270809,3.55,0
0.079788472823976,16.5889259453913,3.55,0
0.079788472823976,16.5922964767083,3.55,0
0.079788472823976,16.5956269980887,3.55,0
0.079788472823976,16.5989108523772,3.55,0
0.164922340399881,16.602142468518,3.55,0
0.138882324629895,16.6086477783699,3.55,0
0.138882324629897,16.6139285404699,3.55,0
0.113072120633033,16.619014383014,3.55,0
0.113072120633033,16.6230092216542,3.55,0
0.113072120633033,16.6268779912479,3.55,0
0.113072120633033,16.6306296077452,3.55,0
0.186469776826394,16.634274925975,3.55,0
0.186469776826394,16.6400921875617,3.55,0
0.186469776826394,16.6457043338331,3.55,0
0.186469776826394,16.6511543365934,3.55,0
0.088025816259533,16.6564789297322,3.55,0
0.088025816259533,16.6589571448664,3.55,0
0.088025816259533,16.6614160569165,3.55,0
0.088025816259533,16.6638586827995,3.55,0
0.088025816259533,16.6662876478602,3.55,0
0.260801470979215,16.6687052274568,3.55,0
0.260801470979215,16.6758282704879,3.55,0
0.260801470979215,16.682911966841,3.55,0
0.043966753771134,16.6899850243694,3.55,0
0.022459744046886,16.6911772561632,3.55,0
0.004954972155744,16.6917865254778,3.55,0
0.00343325352253,16.6919209603051,3.55,0
0.001302287703634,16.692014118708,3.55,0
0.001302287703634,16.6920494601351,3.55,0
0.001302287703634,16.6920848091927,3.55,0
0.001302287703634,16.6921201703296,3.55,0
0.00325756450944,16.6921555479396,3.55,0
0.00325756450944,16.6922441444047,3.55,0
0.00325756450944,16.692332912095,3.55,0
0.00325756450944,16.692421883178,3.55,0
0.00704921572947,16.6925110800514,3.55,0
0.00704921572947,16.6927049168365,3.55,0
0.00704921572947,16.6928999201555,3.55,0
0.00704921572947,16.693096065298,3.55,0
0.00704921572947,16.6932932819427,3.55,0
0.015667446327795,16.693491488604,3.55,0
0.015667446327795,16.6939350599511,3.55,0
0.015667446327795,16.6943823630331,3.55,0
0.015667446327795,16.6948327495998,3.55,0
0.036975857690226,16.6952856615038,3.55,0
0.036975857690226,16.6963616799939,3.55,0
0.036975857690226,16.6974456037746,3.55,0
0.036975857690226,16.6985349014133,3.55,0
0.061824476392896,16.6996279391646,3.55,0
0.061824476392896,16.70146118254,3.55,0
0.061824476392896,16.7033001453747,3.55,0
0.061824476392896,16.7051436349159,3.55,0
0.190103459488849,16.7069910761312,3.55,0
2.70E-07,16.7126954471923,3.55,0
2.70E-07,16.7126954553142,3.55,0
2.70E-07,16.7126954634368,3.55,0
4.17E-07,16.7126954715596,3.55,0
4.17E-07,16.7126954840775,3.55,0
4.17E-07,16.7126954965954,3.55,0
1.39E-06,16.7126955091133,3.55,0
1.39E-06,16.7126955508947,3.55,0
1.39E-06,16.712695592676,3.55,0
1.39E-05,16.7126956344574,3.55,0
1.39E-05,16.7126960522714,3.55,0
1.39E-05,16.7126964700854,3.55,0
0.000139133419005,16.7126968878996,3.55,0
0.000139133419005,16.71270106605,3.55,0
0.000139133419005,16.7127052442109,3.55,0
0.000440329151454,16.7127094223827,3.55,0
0.000440329151454,16.712722645557,3.55,0
0.000440329151454,16.7127358688506,3.55,0
0.001738848471375,16.7127490922682,3.55,0
0.001738848471375,16.7128013130131,3.55,0
0.001738848471375,16.7128535358605,3.55,0
0.017388484713752,16.7129057609376,3.55,0
0.017388484713752,16.7134282423566,3.55,0
0.017388484713752,16.7139510140152,3.55,0
0.113201184102957,16.7144741000428,3.55,0
1.71E-07,16.7178887086883,3.55,0
1.71E-07,16.7178887138391,3.55,0
1.71E-07,16.7178887189904,3.55,0
3.27E-07,16.7178887241416,3.55,0
3.27E-07,16.7178887340159,3.55,0
3.27E-07,16.7178887438902,3.55,0
6.44E-07,16.7178887537644,3.55,0
6.44E-07,16.717888773203,3.55,0
6.44E-07,16.7178887926416,3.55,0
6.44E-06,16.7178888120802,3.55,0
6.44E-06,16.717889006466,3.55,0
6.44E-06,16.7178892008519,3.55,0
6.44E-05,16.7178893952378,3.55,0
6.44E-05,16.7178913390997,3.55,0
6.44E-05,16.7178932829646,3.55,0
0.000257020612619,16.7178952268328,3.55,0
0.000257020612619,16.717902983595,3.55,0
0.000257020612619,16.7179107404095,3.55,0
0.000519543522929,16.7179184972781,3.55,0
0.000519543522929,16.7179341772821,3.55,0
0.000519543522929,16.7179498575116,3.55,0
0.002814320851215,16.7179655379715,3.55,0
0.002814320851215,16.7180504837679,3.55,0
0.002814320851215,16.7181354366928,3.55,0
0.026535916759505,16.7182203970858,3.55,0
0.026535916759505,16.7190220763879,3.55,0
0.026535916759505,16.7198244370606,3.55,0
0.154303018333318,16.7206274781819,3.55,0
1.53E-07,16.7253084666292,3.55,0
1.53E-07,16.7253084712741,3.55,0
1.53E-07,16.7253084759192,3.55,0
3.53E-07,16.7253084805644,3.55,0
3.53E-07,16.7253084912706,3.55,0
3.53E-07,16.7253085019769,3.55,0
7.21E-07,16.7253085126831,3.55,0
7.21E-07,16.7253085345599,3.55,0
7.21E-07,16.7253085564368,3.55,0
7.21E-06,16.7253085783136,3.55,0
7.21E-06,16.725308797082,3.55,0
7.21E-06,16.7253090158504,3.55,0
7.21E-05,16.7253092346188,3.55,0
7.21E-05,16.7253114223051,3.55,0
7.21E-05,16.7253136099938,3.55,0
0.000409110967018,16.7253157976848,3.55,0
0.000409110967018,16.7253282143226,3.55,0
0.000409110967018,16.7253406310452,3.55,0
0.001253131342649,16.7253530478573,3.55,0
0.001253131342649,16.7253910821053,3.55,0
0.001253131342649,16.7254291172976,3.55,0
0.012531313426496,16.7254671535017,3.55,0
0.012531313426496,16.7258476223838,3.55,0
0.012531313426496,16.7262282245777,3.55,0
0.055410773246257,16.7266089685423,3.55,0
0.055410773246257,16.7282945474341,3.55,0
0.055410773246257,16.7299820910366,3.55,0
0.102245585868646,16.7316713972675,3.55,0
2.09E-07,16.7347921684369,3.55,0
2.09E-07,16.7347921748185,3.55,0
2.09E-07,16.7347921812003,3.55,0
3.03E-07,16.7347921875821,3.55,0
3.03E-07,16.7347921968261,3.55,0
3.03E-07,16.7347922060701,3.55,0
7.66E-07,16.7347922153141,3.55,0
7.66E-07,16.7347922387018,3.55,0
7.66E-07,16.7347922620894,3.55,0
7.66E-06,16.734792285477,3.55,0
7.66E-06,16.7347925193533,3.55,0
7.66E-06,16.7347927532295,3.55,0
7.66E-05,16.7347929871058,3.55,0
7.66E-05,16.7347953258703,3.55,0
7.66E-05,16.7347976646367,3.55,0
0.00044831853706,16.7348000034049,3.55,0
0.00044831853706,16.7348136901462,3.55,0
0.00044831853706,16.7348273769578,3.55,0
0.001294212977145,16.7348410638438,3.55,0
0.001294212977145,16.7348805759745,3.55,0
0.001294212977145,16.7349200888304,3.55,0
0.010172328012841,16.7349596024746,3.55,0
0.010172328012841,16.7352702260799,3.55,0
0.010172328012841,16.7355809148446,3.55,0
0.03664324480811,16.7358916737993,3.55,0
0.03664324480811,16.7370118101798,3.55,0
0.03664324480811,16.7381326731248,3.55,0
0.066127777047834,16.739254247702,3.55,0
5.40E-07,16.7412800951916,3.55,0
5.40E-07,16.7412801117408,3.55,0
5.40E-07,16.7412801282904,3.55,0
9.10E-07,16.74128014484,3.55,0
9.10E-07,16.7412801727349,3.55,0
9.10E-07,16.7412802006299,3.55,0
9.10E-07,16.7412802285248,3.55,0
9.10E-06,16.7412802564198,3.55,0
9.10E-06,16.7412805353693,3.55,0
9.10E-06,16.7412808143189,3.55,0
9.10E-05,16.7412810932685,3.55,0
9.10E-05,16.7412838827676,3.55,0
9.10E-05,16.7412866722702,3.55,0
0.000579493318609,16.7412894617762,3.55,0
0.000579493318609,16.741307217893,3.55,0
0.000579493318609,16.7413249741594,3.55,0
0.001934056444849,16.7413427305829,3.55,0
0.001934056444849,16.7414019942564,3.55,0
0.001934056444849,16.7414612599117,3.55,0
0.012421983807675,16.7415205276962,3.55,0
0.012421983807675,16.7419012772649,3.55,0
0.012421983807675,16.7422821314412,3.55,0
0.037871197750109,16.7426630973565,3.55,0
3.49E-07,16.7438254231178,3.55,0
3.49E-07,16.7438254338325,3.55,0
3.49E-07,16.7438254445475,3.55,0
5.31E-07,16.7438254552624,3.55,0
5.31E-07,16.7438254715544,3.55,0
5.31E-07,16.7438254878464,3.55,0
5.31E-07,16.7438255041383,3.55,0
5.30E-06,16.7438255204303,3.55,0
5.30E-06,16.7438256830934,3.55,0
5.30E-06,16.7438258457565,3.55,0
5.30E-05,16.7438260084197,3.55,0
5.30E-05,16.7438276350527,3.55,0
5.30E-05,16.7438292616876,3.55,0
0.000529920023784,16.7438308883244,3.55,0
0.000529920023784,16.7438471548534,3.55,0
0.000529920023784,16.7438634215682,3.55,0
0.005299200237829,16.7438796884748,3.55,0
0.005299200237829,16.7440423751528,3.55,0
0.005299200237829,16.7442050828409,3.55,0
0.013798580926084,16.7443678128149,3.55,0
0.013798580926084,16.7447916866754,3.55,0
0.013798580926084,16.745215718845,3.55,0
0.019427660151271,16.7456399162162,3.55,0
0.019427660151271,16.7462374833665,3.55,0
0.019427660151271,16.7468353960144,3.55,0
0.031967106549391,16.7474336741642,3.55,0
0.00014185147055,16.7484190830853,3.55,0
0.00014185147055,16.7484234564523,3.55,0
0.00014185147055,16.7484278299451,3.55,0
0.000414273490456,16.7484322034752,3.55,0
0.000414273490456,16.748444976423,3.55,0
0.000414273490456,16.7484577495492,3.55,0
0.001019902240291,16.7484705228562,3.55,0
0.001019902240291,16.7485019705414,3.55,0
0.001019902240291,16.7485334193353,3.55,0
0.010199022402903,16.7485648692653,3.55,0
0.002022174625173,16.7488794720797,3.55,0
0.002022174625173,16.7489418561224,3.55,0
0.002022174625173,16.7490042454667,3.55,0
0.005387904905781,16.7490666398636,3.55,0
0.005387904905781,16.7492329170761,3.55,0
0.005387904905781,16.74939923099,3.55,0
0.007559556545283,16.7495655829616,3.55,0
0.007559556545283,16.7497990585002,3.55,0
0.007559556545283,16.7500326126218,3.55,0
0.011411880647691,16.7502662479332,3.55,0
0.011411880647691,16.7506191240693,3.55,0
0.011411880647691,16.7509721963601,3.55,0
0.023921903842913,16.7513254740361,3.55,0
0.000180121529507,16.7520668973582,3.55,0
0.000180121529507,16.7520724810252,3.55,0
0.000180121529507,16.7520780649058,3.55,0
0.000402524715476,16.752083648866,3.55,0
0.000402524715476,16.7520961278225,3.55,0
0.000402524715476,16.752108607052,3.55,0
0.000806037274563,16.7521210865575,3.55,0
0.000806037274563,16.7521460772225,3.55,0
0.000806037274563,16.7521710689954,3.55,0
0.005471727608994,16.7521960618946,3.55,0
0.005471727608994,16.7523657708267,3.55,0
0.005471727608994,16.7525355335473,3.55,0
0.010378277154631,16.7527053525373,3.55,0
0.000440651248573,16.7530276455166,3.55,0
0.000440651248573,16.7530413313762,3.55,0
0.000440651248573,16.7530550178157,3.55,0
0.000812982074534,16.7530687046732,3.55,0
0.000627563991319,16.7530939575604,3.55,0
0.000627563991319,16.7531134518016,3.55,0
0.000627563991319,16.7531329468429,3.55,0
0.001836264610349,16.7531524426837,3.55,0
0.001836264610349,16.7532094940905,3.55,0
0.001836264610349,16.7532665523465,3.55,0
0.006544508880966,16.7533236176099,3.55,0
0.000613075423567,16.753527081296,3.55,0
0.000613075423567,16.7535461432031,3.55,0
0.000613075423567,16.753565206087,3.55,0
0.001306188089512,16.7535842698107,3.55,0
0.001306188089512,16.7536248894527,3.55,0
0.001306188089512,16.753665512787,3.55,0
0.005476428638353,16.753706139877,3.55,0
0.001067694756609,16.7538765357276,3.55,0
0.001067694756609,16.753909760414,3.55,0
0.001067694756609,16.7539429879191,3.55,0
0.002105946708413,16.7539762180712,3.55,0
0.002105946708413,16.7540417714981,3.55,0
0.002105946708413,16.7541073351515,3.55,0
0.003813835336608,16.7541729092327,3.55,0
0.003813835336608,16.7542916951808,3.55,0
0.003813835336608,16.7544105160565,3.55,0
0.006273523416448,16.7545293727498,3.55,0
0.006273523416448,16.7547249779605,3.55,0
0.006273523416448,16.7549206839722,3.55,0
0.008404430435847,16.7551164942287,3.55,0
0.008404430435847,16.755379000578,3.55,0
0.008404430435847,16.7556417058344,3.55,0
0.007227568095916,16.7559046183205,3.55,0
0.000182527649454,16.7561308780007,3.55,0
0.000182527649454,16.7561365927726,3.55,0
0.000182527649454,16.7561423077446,3.55,0
0.000400804527233,16.7561480228345,3.55,0
0.000400804527233,16.756160572811,3.55,0
0.000400804527233,16.7561731232787,3.55,0
0.00085508900677,16.7561856742435,3.55,0
0.00085508900677,16.7562124529548,3.55,0
0.00085508900677,16.7562392339223,3.55,0
0.004958373039774,16.7562660171811,3.55,0
0.001188773830114,16.7564213929336,3.55,0
0.001188773830114,16.7564586508227,3.55,0
0.001188773830114,16.7564959136025,3.55,0
0.002121658457003,16.7565331810578,3.55,0
0.002121658457003,16.7565997078652,3.55,0
0.002121658457003,16.7566662495707,3.55,0
0.000847295022044,16.7567328064722,3.55,0
0.000847295022044,16.7567593893183,3.55,0
0.000847295022044,16.7567859747082,3.55,0
0.002416402435479,16.7568125625781,3.55,0
0.002416402435479,16.756888406815,3.55,0
0.002416402435479,16.7569642712398,3.55,0
0.003462400648653,16.7570401563724,3.55,0
0.003462400648653,16.7571489314986,3.55,0
0.003462400648653,16.7572577503548,3.55,0
8.13E-05,16.7573666139802,3.55,0
8.13E-05,16.7573691692705,3.55,0
8.13E-05,16.7573717246106,3.55,0
0.000444806882541,16.7573742799794,3.55,0
0.000444806882541,16.7573882675444,3.55,0
0.000444806882541,16.7574022558432,3.55,0
0.001271582940349,16.75741624489,3.55,0
0.001271582940349,16.7574562413426,3.55,0
0.001271582940349,16.757496243901,3.55,0
0.002394134380818,16.7575362526888,3.55,0
0.002394134380818,16.7576116019237,3.55,0
0.002394134380818,16.7576869735532,3.55,0
0.003129542624508,16.7577623680745,3.55,0
0.003129542624508,16.7578609599283,3.55,0
0.003129542624508,16.7579595919802,3.55,0
0.003428155127308,16.7580582650867,3.55,0
0.003428155127308,16.7581664028168,3.55,0
0.003428155127308,16.7582745915337,3.55,0
0.003471357310215,16.7583828322683,3.55,0
0.003471357310215,16.7584924913201,3.55,0
0.003471357310215,16.758602205744,3.55,0
0.000951446699284,16.7587119766168,3.55,0
0.000951446699284,16.758742070121,3.55,0
0.000951446699284,16.7587721664594,3.55,0
0.000951446699284,16.7588022666779,3.55,0
0.001653812997585,16.7588323711647,3.55,0
0.001653812997585,16.7588847094868,3.55,0
0.001653812997585,16.7589370611369,3.55,0
0.001653812997585,16.7589894262408,3.55,0
0.0120063752459,16.7590418049258,3.55,0
0.004917216683673,16.7594224922826,3.55,0
0.001229304170918,16.7595786216357,3.55,0
0.001229304170918,16.7596176749722,3.55,0
0.001229304170918,16.7596567387634,3.55,0
0.001488205801275,16.7596958114194,3.55,0
0.001488205801275,16.7597431254707,3.55,0
0.001488205801275,16.7597904522465,3.55,0
0.001865507144077,16.7598377919016,3.55,0
0.001865507144077,16.7598971532984,3.55,0
0.001865507144077,16.7599565353008,3.55,0
0.002036371592725,16.7600159382351,3.55,0
0.002036371592725,16.7600808069128,3.55,0
0.002036371592725,16.7601457011379,3.55,0
0.002040837625398,16.7602106212869,3.55,0
0.002040837625398,16.7602757101921,3.55,0
0.002040837625398,16.7603408258327,3.55,0
0.001259962392361,16.7604059685666,3.55,0
0.00062998119618,16.7604461965023,3.55,0
0.00062998119618,16.7604663139928,3.55,0
0.00062998119618,16.7604864342575,3.55,0
0.00118587952179,16.760506557189,3.55,0
0.00118587952179,16.7605444454455,3.55,0
0.00118587952179,16.7605823431056,3.55,0
0.001583526922364,16.7606202503344,3.55,0
0.001583526922364,16.7606708851487,3.55,0
0.001583526922364,16.7607215373038,3.55,0
0.001902669680021,16.7607722070782,3.55,0
0.001902669680021,16.7608331139089,3.55,0
0.001902669680021,16.7608940467544,3.55,0
0.000303087356679,16.7609550060519,3.55,0
0.000303087356679,16.7609647178423,3.55,0
0.000303087356679,16.7609744303963,3.55,0
0.00060620912023,16.7609841436425,3.55,0
0.00060620912023,16.7610035737551,3.55,0
0.00060620912023,16.761023006572,3.55,0
0.001130298783206,16.7610424421325,3.55,0
0.001130298783206,16.7610786893663,3.55,0
0.001130298783206,16.761114946191,3.55,0
0.1,16.761151212777,3.55,0
0.1,16.7612071461425,3.55,0
0.1,16.7612351219732,3.55,0
0.1,16.7612631042716,3.55,0
0.1,16.7612910926521,3.55,0
0.1,16.7613438965567,3.55,0
0.1,16.7613485361626,3.55,0
0.1,16.7613531759748,3.55,0
0.1,16.7613578159608,3.55,0
0.1,16.7613738960454,3.55,0
0.1,16.7613899781226,3.55,0
0.1,16.7614060622288,3.55,0
0.1,16.7614366429992,3.55,0
0.1,16.7614672311325,3.55,0
0.1,16.7614978267538,3.55,0
0.1,16.7615382952099,3.55,0
0.1,16.7615787769441,3.55,0
0.1,16.7616192721505,3.55,0
0.1,16.7616654163935,3.55,0
0.1,16.7617115784592,3.55,0
0.1,16.7617577585894,3.55,0
0.1,16.7618051134138,3.55,0
0.1,16.7618524876498,3.55,0
0.1,16.7618998815302,3.55,0
0.1,16.7619225853482,3.55,0
0.1,16.7619452928297,3.55,0
0.1,16.761968004621,3.55,0
0.1,16.7619907209692,3.55,0
0.1,16.7620438554383,3.55,0
0.1,16.7620970155453,3.55,0
0.1,16.7621502016254,3.55,0
0.1,16.7622034140219,3.55,0
0.1,16.762393006478,3.55,0
0.1,16.7625829541387,3.55,0
0.1,16.7626400091852,3.55,0
0.1,16.7626970983069,3.55,0
0.1,16.7627542219781,3.55,0
0.1,16.762811380691,3.55,0
0.1,16.762911221408,3.55,0
0.1,16.7630111734319,3.55,0
0.1,16.7631112397678,3.55,0
0.1,16.7632114235923,3.55,0
0.1,16.7634108745847,3.55,0
0.1,16.7634926618815,3.55,0
0.1,16.7635131222963,3.55,0
0.1,16.7635335894442,3.55,0
0.1,16.7635540622832,3.55,0
0.1,16.7635931305598,3.55,0
0.1,16.7636322190188,3.55,0
0.1,16.7636713280823,3.55,0
0.1,16.7637196833004,3.55,0
0.1,16.7637680707676,3.55,0
0.1,16.7638164910795,3.55,0
0.1,16.7638716984847,3.55,0
0.1,16.7638993185712,3.55,0
0.1,16.763926950559,3.55,0
0.1,16.7639545938286,3.55,0
0.1,16.7639964922884,3.55,0
0.1,16.7640384167573,3.55,0
0.1,16.7640803677538,3.55,0
0.1,16.764134754752,3.55,0
0.1,16.7641891875678,3.55,0
0.1,16.7642436672196,3.55,0
0.1,16.7642693759773,3.55,0
0.1,16.7642950932376,3.55,0
0.1,16.7643208205463,3.55,0
0.1,16.7643465585125,3.55,0
0.1,16.7644050119671,3.55,0
0.1,16.7644635224463,3.55,0
0.1,16.764522091065,3.55,0
0.1,16.7645807189896,3.55,0
0.1,16.7647972928959,3.55,0
0.1,16.7648141114327,3.55,0
0.1,16.7648309354203,3.55,0
0.1,16.7648477648364,3.55,0
0.1,16.7648645996898,3.55,0
0.1,16.7648777118179,3.55,0
0.1,16.764890827483,3.55,0
0.1,16.7649039465344,3.55,0
0.1,16.7649587679093,3.55,0
0.1,16.7650136479379,3.55,0
0.1,16.7650685887155,3.55,0
0.1,16.7651235918818,3.55,0
0.1,16.7652680563788,3.55,0
0.1,16.7653212409168,3.55,0
0.1,16.7653744896445,3.55,0
0.1,16.7654278040328,3.55,0
0.1,16.7654811855795,3.55,0
0.1,16.7655919241226,3.55,0
0.1,16.7657029721186,3.55,0
0.1,16.7658143460875,3.55,0
0.1,16.7658478244307,3.55,0
0.1,16.7658813342636,3.55,0
0.1,16.7659148761175,3.55,0
0.1,16.7659484505341,3.55,0
0.1,16.7659820580784,3.55,0
0.1,16.7660772675307,3.55,0
0.1,16.7661133363562,3.55,0
0.1,16.7661494465771,3.55,0
0.1,16.7661855990461,3.55,0
0.1,16.7662217946306,3.55,0
0.1,16.7662670740895,3.55,0
0.1,16.7663124241331,3.55,0
0.1,16.766357846715,3.55,0
0.1,16.7664033439076,3.55,0
0.1,16.7664594834259,3.55,0
0.1,16.766515743836,3.55,0
0.1,16.7665721297967,3.55,0
0.1,16.7666286463572,3.55,0
0.1,16.7667083048869,3.55,0
0.1,16.7667882482823,3.55,0
0.1,16.7668122895298,3.55,0
0.1,16.7668363587097,3.55,0
0.1,16.7668604563976,3.55,0
0.1,16.7668845831835,3.55,0
0.1,16.7669087396925,3.55,0
0.1,16.7669727034165,3.55,0
0.1,16.7669978425726,3.55,0
0.1,16.7670230172621,3.55,0
0.1,16.7670482284266,3.55,0
0.1,16.7670734770539,3.55,0
0.1,16.767098764193,3.55,0
0.1,16.7671101375233,3.55,0
0.1,16.7671215189586,3.55,0
0.1,16.7671329086091,3.55,0
0.1,16.7671443065877,3.55,0
0.1,16.7671557130112,3.55,0
0.1,16.767186516191,3.55,0
0.1,16.7672098714491,3.55,0
0.1,16.767233265035,3.55,0
0.1,16.7672507315625,3.55,0
0.1,16.7672632929902,3.55,0
0.1,16.7672728735289,3.55,0
0.1,16.7672801598297,3.55,0
0.1,16.7672857098139,3.55,0
0.1,16.7672897993137,3.55,0
0.1,16.7672929014196,3.55,0
0.1,16.7672938321984,3.55,0
0.1,16.7672947630452,3.55,0
0.1,16.7672956939601,3.55,0
0.1,16.7672966249433,3.55,0
0.1,16.7672975559948,3.55,0
0.1,16.7672978536723,3.55,0
0.1,16.7672981513569,3.55,0
0.1,16.7672984490484,3.55,0
0.1,16.7672987467469,3.55,0
0.1,16.7672988360579,3.55,0
0.1,16.7672989253694,3.55,0
0.1,16.7672990146816,3.55,0
0.1,16.7672991039945,3.55,0
0.1,16.7672991933079,3.55,0
0.1,16.7672992201021,3.55,0
0.1,16.7672992468963,3.55,0
0.1,16.7672992736906,3.55,0
0.1,16.7672993004849,3.55,0
0.1,16.7672993272793,3.55,0
0.1,16.7672993353176,3.55,0
0.1,16.7672993433559,3.55,0
0.1,16.7672993513943,3.55,0
0.1,16.7672993538058,3.55,0
0.1,16.7672993562173,3.55,0
0.1,16.7672993586288,3.55,0
0.1,16.7672993606158,3.55,0
0.1,16.7672993626027,3.55,0
0.1,16.7672993631988,3.55,0
0.1,16.7672993637949,3.55,0
0.1,16.7672993639737,3.55,0
0.1,16.7672993641526,3.55,0
0.1,16.7672993643314,3.55,0
0.1,16.767299364385,3.55,0
0.1,16.7672993644387,3.55,0
0.1,16.7672993644548,3.55,0
0.1,16.7672993644709,3.55,0
0.1,16.767299364487,3.55,0
